id,sender,subject,body,text,label,label_numeric
safe-0356,newsletter@company.example,Software Update Release Notes,"Hello, The project team completed this week's planned activities. No action is required at this time. Thanks, The Community Team. Message reference: SAFE-0356.","Software Update Release Notes Hello, The project team completed this week's planned activities. No action is required at this time. Thanks, The Community Team. Message reference: SAFE-0356.",safe,0
phishing-0223,security@unknown-bank-alert.com,Your Account Has Been Suspended,"Dear Customer, We detected suspicious activity on your account. Verify your password and OTP immediately: http://mailbox-validation.example/signin. This request will expire within 24 hours. Reference ID: PH-0223.","Your Account Has Been Suspended Dear Customer, We detected suspicious activity on your account. Verify your password and OTP immediately: http://mailbox-validation.example/signin. This request will expire within 24 hours. Reference ID: PH-0223.",phishing,1
phishing-0472,billing@payment-review-alert.com,Security Alert: Password Confirmation Required,"Dear Customer, You have been selected to receive a limited reward. Confirm your account information now: http://reward-claim.example/winner. Failure to respond may result in permanent suspension. Reference ID: PH-0472.","Security Alert: Password Confirmation Required Dear Customer, You have been selected to receive a limited reward. Confirm your account information now: http://reward-claim.example/winner. Failure to respond may result in permanent suspension. Reference ID: PH-0472.",phishing,1
phishing-0184,notice@tax-refund-review.com,Tax Refund Confirmation Required,"Dear Customer, Your mailbox will be disabled because it has exceeded its storage limit. Update your payment information: http://payment-review.example/billing. Failure to respond may result in permanent suspension. Reference ID: PH-0184.","Tax Refund Confirmation Required Dear Customer, Your mailbox will be disabled because it has exceeded its storage limit. Update your payment information: http://payment-review.example/billing. Failure to respond may result in permanent suspension. Reference ID: PH-0184.",phishing,1
safe-0208,billing@subscription.example,Welcome to Our Newsletter,"Hello, This message contains the agenda for our upcoming meeting. No action is required at this time. Regards, Account Services. Message reference: SAFE-0208.","Welcome to Our Newsletter Hello, This message contains the agenda for our upcoming meeting. No action is required at this time. Regards, Account Services. Message reference: SAFE-0208.",safe,0
phishing-0236,support@account-verification.net,Confirm Your Banking Information,"Dear Customer, Your account has temporarily been suspended. Confirm your delivery address: http://mailbox-validation.example/signin. Failure to respond may result in permanent suspension. Reference ID: PH-0236.","Confirm Your Banking Information Dear Customer, Your account has temporarily been suspended. Confirm your delivery address: http://mailbox-validation.example/signin. Failure to respond may result in permanent suspension. Reference ID: PH-0236.",phishing,1
safe-0043,team@project.example,Monthly Subscription Receipt,"Hello, This is a reminder about the scheduled team meeting. Please contact your manager if you have any questions. Regards, Account Services. Message reference: SAFE-0043.","Monthly Subscription Receipt Hello, This is a reminder about the scheduled team meeting. Please contact your manager if you have any questions. Regards, Account Services. Message reference: SAFE-0043.",safe,0
phishing-0177,helpdesk@password-confirmation.net,Claim Your Reward Before It Expires,"Dear Customer, You have been selected to receive a limited reward. Validate your identity within 24 hours: http://192.168.1.10/login/verify-account. Failure to respond may result in permanent suspension. Reference ID: PH-0177.","Claim Your Reward Before It Expires Dear Customer, You have been selected to receive a limited reward. Validate your identity within 24 hours: http://192.168.1.10/login/verify-account. Failure to respond may result in permanent suspension. Reference ID: PH-0177.",phishing,1
safe-0458,team@project.example,Meeting Agenda for Tomorrow,"Hello, This is a reminder about the scheduled team meeting. We appreciate your continued participation. Best regards, Project Management. Message reference: SAFE-0458.","Meeting Agenda for Tomorrow Hello, This is a reminder about the scheduled team meeting. We appreciate your continued participation. Best regards, Project Management. Message reference: SAFE-0458.",safe,0
safe-0220,orders@shop.example,Community Event Invitation,"Hello, A new software update is available with performance improvements. We appreciate your continued participation. Thank you, Human Resources. Message reference: SAFE-0220.","Community Event Invitation Hello, A new software update is available with performance improvements. We appreciate your continued participation. Thank you, Human Resources. Message reference: SAFE-0220.",safe,0
safe-0445,support@trusted-service.example,Reminder: Upcoming Team Meeting,"Hello, A new software update is available with performance improvements. The attached summary contains the latest approved information. Sincerely, Customer Support. Message reference: SAFE-0445.","Reminder: Upcoming Team Meeting Hello, A new software update is available with performance improvements. The attached summary contains the latest approved information. Sincerely, Customer Support. Message reference: SAFE-0445.",safe,0
phishing-0216,rewards@claim-prize-now.net,Tax Refund Confirmation Required,"Dear Customer, We detected suspicious activity on your account. Confirm your account information now: http://payment-review.example/billing. This is your final security warning. Reference ID: PH-0216.","Tax Refund Confirmation Required Dear Customer, We detected suspicious activity on your account. Confirm your account information now: http://payment-review.example/billing. This is your final security warning. Reference ID: PH-0216.",phishing,1
safe-0065,notifications@calendar.example,Monthly Subscription Receipt,"Hello, Your order has been processed and shipped. The meeting will take place during normal business hours. Regards, Account Services. Message reference: SAFE-0065.","Monthly Subscription Receipt Hello, Your order has been processed and shipped. The meeting will take place during normal business hours. Regards, Account Services. Message reference: SAFE-0065.",safe,0
safe-0500,updates@software.example,Community Event Invitation,"Hello, Here is the latest update from our team. We appreciate your continued participation. Thank you, Human Resources. Message reference: SAFE-0500.","Community Event Invitation Hello, Here is the latest update from our team. We appreciate your continued participation. Thank you, Human Resources. Message reference: SAFE-0500.",safe,0
safe-0413,orders@shop.example,Employee Training Schedule,"Hello, This message contains the agenda for our upcoming meeting. We appreciate your continued participation. Sincerely, Customer Support. Message reference: SAFE-0413.","Employee Training Schedule Hello, This message contains the agenda for our upcoming meeting. We appreciate your continued participation. Sincerely, Customer Support. Message reference: SAFE-0413.",safe,0
phishing-0053,rewards@claim-prize-now.net,Final Warning: Account Will Be Closed,"Dear Customer, An unauthorized login attempt was detected. Submit your banking information to receive the refund: http://secure-update.example/confirm-password. This is your final security warning. Reference ID: PH-0053.","Final Warning: Account Will Be Closed Dear Customer, An unauthorized login attempt was detected. Submit your banking information to receive the refund: http://secure-update.example/confirm-password. This is your final security warning. Reference ID: PH-0053.",phishing,1
safe-0446,orders@shop.example,Your Monthly Account Statement,"Hello, Thank you for subscribing to our newsletter. You can review the information from your normal account dashboard. Regards, Account Services. Message reference: SAFE-0446.","Your Monthly Account Statement Hello, Thank you for subscribing to our newsletter. You can review the information from your normal account dashboard. Regards, Account Services. Message reference: SAFE-0446.",safe,0
safe-0042,newsletter@company.example,Team Performance Summary,"Hello, The project team completed this week's planned activities. The attached summary contains the latest approved information. Sincerely, Customer Support. Message reference: SAFE-0042.","Team Performance Summary Hello, The project team completed this week's planned activities. The attached summary contains the latest approved information. Sincerely, Customer Support. Message reference: SAFE-0042.",safe,0
phishing-0130,service@urgent-account-check.com,Final Warning: Account Will Be Closed,"Dear Customer, An unauthorized login attempt was detected. Sign in to prevent permanent account closure: http://account-security-check.example/login. This request will expire within 24 hours. Reference ID: PH-0130.","Final Warning: Account Will Be Closed Dear Customer, An unauthorized login attempt was detected. Sign in to prevent permanent account closure: http://account-security-check.example/login. This request will expire within 24 hours. Reference ID: PH-0130.",phishing,1
phishing-0481,delivery@parcel-update-alert.com,Your Account Has Been Suspended,"Dear Customer, You have been selected to receive a limited reward. Verify your password and OTP immediately: http://reward-claim.example/winner. This is your final security warning. Reference ID: PH-0481.","Your Account Has Been Suspended Dear Customer, You have been selected to receive a limited reward. Verify your password and OTP immediately: http://reward-claim.example/winner. This is your final security warning. Reference ID: PH-0481.",phishing,1
phishing-0282,rewards@claim-prize-now.net,Final Warning: Account Will Be Closed,"Dear Customer, Your recent payment could not be processed. Verify your password and OTP immediately: http://payment-review.example/billing. Failure to respond may result in permanent suspension. Reference ID: PH-0282.","Final Warning: Account Will Be Closed Dear Customer, Your recent payment could not be processed. Verify your password and OTP immediately: http://payment-review.example/billing. Failure to respond may result in permanent suspension. Reference ID: PH-0282.",phishing,1
safe-0349,support@trusted-service.example,Your Monthly Account Statement,"Hello, Thank you for subscribing to our newsletter. You may ignore this message if you have already completed the task. Sincerely, Customer Support. Message reference: SAFE-0349.","Your Monthly Account Statement Hello, Thank you for subscribing to our newsletter. You may ignore this message if you have already completed the task. Sincerely, Customer Support. Message reference: SAFE-0349.",safe,0
phishing-0463,admin@secure-login-update.com,Security Alert: Password Confirmation Required,"Dear Customer, Your identity information requires immediate verification. Confirm your account information now: http://refund-processing.example/verify. This is your final security warning. Reference ID: PH-0463.","Security Alert: Password Confirmation Required Dear Customer, Your identity information requires immediate verification. Confirm your account information now: http://refund-processing.example/verify. This is your final security warning. Reference ID: PH-0463.",phishing,1
phishing-0413,notice@tax-refund-review.com,Your Mailbox Storage Is Full,"Dear Customer, An unauthorized login attempt was detected. Unlock your account using the secure link: http://mailbox-validation.example/signin. Act immediately to avoid interruption of service. Reference ID: PH-0413.","Your Mailbox Storage Is Full Dear Customer, An unauthorized login attempt was detected. Unlock your account using the secure link: http://mailbox-validation.example/signin. Act immediately to avoid interruption of service. Reference ID: PH-0413.",phishing,1
phishing-0087,notice@tax-refund-review.com,Claim Your Reward Before It Expires,"Dear Customer, Your package cannot be delivered until your address is confirmed. Confirm your delivery address: http://mailbox-validation.example/signin. Ignoring this message may result in account closure. Reference ID: PH-0087.","Claim Your Reward Before It Expires Dear Customer, Your package cannot be delivered until your address is confirmed. Confirm your delivery address: http://mailbox-validation.example/signin. Ignoring this message may result in account closure. Reference ID: PH-0087.",phishing,1
safe-0448,notifications@calendar.example,Community Event Invitation,"Hello, Here is the latest update from our team. The meeting will take place during normal business hours. Regards, The Support Team. Message reference: SAFE-0448.","Community Event Invitation Hello, Here is the latest update from our team. The meeting will take place during normal business hours. Regards, The Support Team. Message reference: SAFE-0448.",safe,0
phishing-0128,security@cloud-storage-warning.net,Claim Your Reward Before It Expires,"Dear Customer, Your package cannot be delivered until your address is confirmed. Confirm your account information now: http://mailbox-validation.example/signin. Failure to respond may result in permanent suspension. Reference ID: PH-0128.","Claim Your Reward Before It Expires Dear Customer, Your package cannot be delivered until your address is confirmed. Confirm your account information now: http://mailbox-validation.example/signin. Failure to respond may result in permanent suspension. Reference ID: PH-0128.",phishing,1
safe-0245,support@trusted-service.example,Employee Training Schedule,"Hello, Here is the latest update from our team. The meeting will take place during normal business hours. Best regards, Project Management. Message reference: SAFE-0245.","Employee Training Schedule Hello, Here is the latest update from our team. The meeting will take place during normal business hours. Best regards, Project Management. Message reference: SAFE-0245.",safe,0
phishing-0250,support@account-verification.net,Tax Refund Confirmation Required,"Dear Customer, An unauthorized login attempt was detected. Sign in to prevent permanent account closure: http://secure-update.example/confirm-password. This is your final security warning. Reference ID: PH-0250.","Tax Refund Confirmation Required Dear Customer, An unauthorized login attempt was detected. Sign in to prevent permanent account closure: http://secure-update.example/confirm-password. This is your final security warning. Reference ID: PH-0250.",phishing,1
phishing-0165,admin@secure-login-update.com,Immediate Action Required,"Dear Customer, You have been selected to receive a limited reward. Verify your password and OTP immediately: http://reward-claim.example/winner. This is your final security warning. Reference ID: PH-0165.","Immediate Action Required Dear Customer, You have been selected to receive a limited reward. Verify your password and OTP immediately: http://reward-claim.example/winner. This is your final security warning. Reference ID: PH-0165.",phishing,1
phishing-0114,notice@tax-refund-review.com,Unusual Login Attempt Detected,"Dear Customer, You have been selected to receive a limited reward. Unlock your account using the secure link: http://account-security-check.example/login. Failure to respond may result in permanent suspension. Reference ID: PH-0114.","Unusual Login Attempt Detected Dear Customer, You have been selected to receive a limited reward. Unlock your account using the secure link: http://account-security-check.example/login. Failure to respond may result in permanent suspension. Reference ID: PH-0114.",phishing,1
safe-0283,manager@company.example,Your Order Has Been Shipped,"Hello, The project team completed this week's planned activities. Please contact your manager if you have any questions. Best regards, Project Management. Message reference: SAFE-0283.","Your Order Has Been Shipped Hello, The project team completed this week's planned activities. Please contact your manager if you have any questions. Best regards, Project Management. Message reference: SAFE-0283.",safe,0
safe-0021,support@trusted-service.example,Team Performance Summary,"Hello, This is a reminder about the scheduled team meeting. The attached summary contains the latest approved information. Regards, The Support Team. Message reference: SAFE-0021.","Team Performance Summary Hello, This is a reminder about the scheduled team meeting. The attached summary contains the latest approved information. Regards, The Support Team. Message reference: SAFE-0021.",safe,0
safe-0238,manager@company.example,Meeting Agenda for Tomorrow,"Hello, Your order has been processed and shipped. We appreciate your continued participation. Thank you, Human Resources. Message reference: SAFE-0238.","Meeting Agenda for Tomorrow Hello, Your order has been processed and shipped. We appreciate your continued participation. Thank you, Human Resources. Message reference: SAFE-0238.",safe,0
phishing-0044,support@account-verification.net,Unusual Login Attempt Detected,"Dear Customer, Your package cannot be delivered until your address is confirmed. Confirm your account information now: http://payment-review.example/billing. Act immediately to avoid interruption of service. Reference ID: PH-0044.","Unusual Login Attempt Detected Dear Customer, Your package cannot be delivered until your address is confirmed. Confirm your account information now: http://payment-review.example/billing. Act immediately to avoid interruption of service. Reference ID: PH-0044.",phishing,1
safe-0009,team@project.example,Thank You for Your Feedback,"Hello, The project team completed this week's planned activities. The meeting will take place during normal business hours. Thanks, The Community Team. Message reference: SAFE-0009.","Thank You for Your Feedback Hello, The project team completed this week's planned activities. The meeting will take place during normal business hours. Thanks, The Community Team. Message reference: SAFE-0009.",safe,0
safe-0128,team@project.example,Software Update Release Notes,"Hello, A new software update is available with performance improvements. You can review the information from your normal account dashboard. Sincerely, Customer Support. Message reference: SAFE-0128.","Software Update Release Notes Hello, A new software update is available with performance improvements. You can review the information from your normal account dashboard. Sincerely, Customer Support. Message reference: SAFE-0128.",safe,0
phishing-0262,support@account-verification.net,Immediate Action Required,"Dear Customer, Your recent payment could not be processed. Confirm your delivery address: http://mailbox-validation.example/signin. This request will expire within 24 hours. Reference ID: PH-0262.","Immediate Action Required Dear Customer, Your recent payment could not be processed. Confirm your delivery address: http://mailbox-validation.example/signin. This request will expire within 24 hours. Reference ID: PH-0262.",phishing,1
phishing-0220,billing@payment-review-alert.com,Final Warning: Account Will Be Closed,"Dear Customer, An unauthorized login attempt was detected. Verify your password and OTP immediately: http://delivery-confirmation.example/update. This is your final security warning. Reference ID: PH-0220.","Final Warning: Account Will Be Closed Dear Customer, An unauthorized login attempt was detected. Verify your password and OTP immediately: http://delivery-confirmation.example/update. This is your final security warning. Reference ID: PH-0220.",phishing,1
phishing-0268,notice@tax-refund-review.com,Your Mailbox Storage Is Full,"Dear Customer, An unauthorized login attempt was detected. Submit your banking information to receive the refund: http://reward-claim.example/winner. Failure to respond may result in permanent suspension. Reference ID: PH-0268.","Your Mailbox Storage Is Full Dear Customer, An unauthorized login attempt was detected. Submit your banking information to receive the refund: http://reward-claim.example/winner. Failure to respond may result in permanent suspension. Reference ID: PH-0268.",phishing,1
phishing-0125,helpdesk@password-confirmation.net,Immediate Action Required,"Dear Customer, An unauthorized login attempt was detected. Validate your identity within 24 hours: http://delivery-confirmation.example/update. Act immediately to avoid interruption of service. Reference ID: PH-0125.","Immediate Action Required Dear Customer, An unauthorized login attempt was detected. Validate your identity within 24 hours: http://delivery-confirmation.example/update. Act immediately to avoid interruption of service. Reference ID: PH-0125.",phishing,1
phishing-0102,service@urgent-account-check.com,Tax Refund Confirmation Required,"Dear Customer, Your identity information requires immediate verification. Unlock your account using the secure link: http://reward-claim.example/winner. Failure to respond may result in permanent suspension. Reference ID: PH-0102.","Tax Refund Confirmation Required Dear Customer, Your identity information requires immediate verification. Unlock your account using the secure link: http://reward-claim.example/winner. Failure to respond may result in permanent suspension. Reference ID: PH-0102.",phishing,1
safe-0395,manager@company.example,Thank You for Your Feedback,"Hello, Your order has been processed and shipped. No action is required at this time. Regards, The Support Team. Message reference: SAFE-0395.","Thank You for Your Feedback Hello, Your order has been processed and shipped. No action is required at this time. Regards, The Support Team. Message reference: SAFE-0395.",safe,0
safe-0142,manager@company.example,Welcome to Our Newsletter,"Hello, Your order has been processed and shipped. Your existing password and account settings remain unchanged. Sincerely, Customer Support. Message reference: SAFE-0142.","Welcome to Our Newsletter Hello, Your order has been processed and shipped. Your existing password and account settings remain unchanged. Sincerely, Customer Support. Message reference: SAFE-0142.",safe,0
safe-0027,manager@company.example,Your Order Has Been Shipped,"Hello, This message contains the agenda for our upcoming meeting. No action is required at this time. Sincerely, Customer Support. Message reference: SAFE-0027.","Your Order Has Been Shipped Hello, This message contains the agenda for our upcoming meeting. No action is required at this time. Sincerely, Customer Support. Message reference: SAFE-0027.",safe,0
phishing-0363,security@unknown-bank-alert.com,Your Account Has Been Suspended,"Dear Customer, An unauthorized login attempt was detected. Verify your password and OTP immediately: http://delivery-confirmation.example/update. Act immediately to avoid interruption of service. Reference ID: PH-0363.","Your Account Has Been Suspended Dear Customer, An unauthorized login attempt was detected. Verify your password and OTP immediately: http://delivery-confirmation.example/update. Act immediately to avoid interruption of service. Reference ID: PH-0363.",phishing,1
phishing-0042,rewards@claim-prize-now.net,Tax Refund Confirmation Required,"Dear Customer, An unauthorized login attempt was detected. Validate your identity within 24 hours: http://mailbox-validation.example/signin. This is your final security warning. Reference ID: PH-0042.","Tax Refund Confirmation Required Dear Customer, An unauthorized login attempt was detected. Validate your identity within 24 hours: http://mailbox-validation.example/signin. This is your final security warning. Reference ID: PH-0042.",phishing,1
phishing-0328,delivery@parcel-update-alert.com,Security Alert: Password Confirmation Required,"Dear Customer, An unauthorized login attempt was detected. Sign in to prevent permanent account closure: http://payment-review.example/billing. This request will expire within 24 hours. Reference ID: PH-0328.","Security Alert: Password Confirmation Required Dear Customer, An unauthorized login attempt was detected. Sign in to prevent permanent account closure: http://payment-review.example/billing. This request will expire within 24 hours. Reference ID: PH-0328.",phishing,1
phishing-0194,admin@secure-login-update.com,URGENT: Verify Your Account Immediately,"Dear Customer, Your mailbox will be disabled because it has exceeded its storage limit. Submit your banking information to receive the refund: http://secure-update.example/confirm-password. Act immediately to avoid interruption of service. Reference ID: PH-0194.","URGENT: Verify Your Account Immediately Dear Customer, Your mailbox will be disabled because it has exceeded its storage limit. Submit your banking information to receive the refund: http://secure-update.example/confirm-password. Act immediately to avoid interruption of service. Reference ID: PH-0194.",phishing,1
phishing-0036,security@unknown-bank-alert.com,Claim Your Reward Before It Expires,"Dear Customer, Your recent payment could not be processed. Sign in to prevent permanent account closure: http://refund-processing.example/verify. Act immediately to avoid interruption of service. Reference ID: PH-0036.","Claim Your Reward Before It Expires Dear Customer, Your recent payment could not be processed. Sign in to prevent permanent account closure: http://refund-processing.example/verify. Act immediately to avoid interruption of service. Reference ID: PH-0036.",phishing,1
safe-0057,events@community.example,Your Monthly Account Statement,"Hello, This message contains the agenda for our upcoming meeting. Please contact your manager if you have any questions. Best regards, Project Management. Message reference: SAFE-0057.","Your Monthly Account Statement Hello, This message contains the agenda for our upcoming meeting. Please contact your manager if you have any questions. Best regards, Project Management. Message reference: SAFE-0057.",safe,0
phishing-0057,delivery@parcel-update-alert.com,Tax Refund Confirmation Required,"Dear Customer, Your account has temporarily been suspended. Sign in to prevent permanent account closure: http://refund-processing.example/verify. Act immediately to avoid interruption of service. Reference ID: PH-0057.","Tax Refund Confirmation Required Dear Customer, Your account has temporarily been suspended. Sign in to prevent permanent account closure: http://refund-processing.example/verify. Act immediately to avoid interruption of service. Reference ID: PH-0057.",phishing,1
safe-0437,hr@company.example,Software Update Release Notes,"Hello, Thank you for subscribing to our newsletter. The attached summary contains the latest approved information. Best regards, Project Management. Message reference: SAFE-0437.","Software Update Release Notes Hello, Thank you for subscribing to our newsletter. The attached summary contains the latest approved information. Best regards, Project Management. Message reference: SAFE-0437.",safe,0
phishing-0341,helpdesk@password-confirmation.net,Your Mailbox Storage Is Full,"Dear Customer, Your identity information requires immediate verification. Validate your identity within 24 hours: http://mailbox-validation.example/signin. Ignoring this message may result in account closure. Reference ID: PH-0341.","Your Mailbox Storage Is Full Dear Customer, Your identity information requires immediate verification. Validate your identity within 24 hours: http://mailbox-validation.example/signin. Ignoring this message may result in account closure. Reference ID: PH-0341.",phishing,1
safe-0131,orders@shop.example,Your Order Has Been Shipped,"Hello, Your order has been processed and shipped. Please contact your manager if you have any questions. Sincerely, Customer Support. Message reference: SAFE-0131.","Your Order Has Been Shipped Hello, Your order has been processed and shipped. Please contact your manager if you have any questions. Sincerely, Customer Support. Message reference: SAFE-0131.",safe,0
safe-0411,events@community.example,Welcome to Our Newsletter,"Hello, Here is the latest update from our team. The attached summary contains the latest approved information. Thanks, The Community Team. Message reference: SAFE-0411.","Welcome to Our Newsletter Hello, Here is the latest update from our team. The attached summary contains the latest approved information. Thanks, The Community Team. Message reference: SAFE-0411.",safe,0
phishing-0478,helpdesk@password-confirmation.net,Confirm Your Banking Information,"Dear Customer, Your mailbox will be disabled because it has exceeded its storage limit. Confirm your delivery address: http://account-security-check.example/login. Failure to respond may result in permanent suspension. Reference ID: PH-0478.","Confirm Your Banking Information Dear Customer, Your mailbox will be disabled because it has exceeded its storage limit. Confirm your delivery address: http://account-security-check.example/login. Failure to respond may result in permanent suspension. Reference ID: PH-0478.",phishing,1
safe-0327,hr@company.example,Software Update Release Notes,"Hello, Here is the latest update from our team. Please contact your manager if you have any questions. Regards, The Support Team. Message reference: SAFE-0327.","Software Update Release Notes Hello, Here is the latest update from our team. Please contact your manager if you have any questions. Regards, The Support Team. Message reference: SAFE-0327.",safe,0
safe-0101,updates@software.example,Weekly Project Update,"Hello, The project team completed this week's planned activities. You can review the information from your normal account dashboard. Sincerely, Customer Support. Message reference: SAFE-0101.","Weekly Project Update Hello, The project team completed this week's planned activities. You can review the information from your normal account dashboard. Sincerely, Customer Support. Message reference: SAFE-0101.",safe,0
phishing-0394,support@account-verification.net,Your Account Has Been Suspended,"Dear Customer, An unauthorized login attempt was detected. Verify your password and OTP immediately: http://account-security-check.example/login. This request will expire within 24 hours. Reference ID: PH-0394.","Your Account Has Been Suspended Dear Customer, An unauthorized login attempt was detected. Verify your password and OTP immediately: http://account-security-check.example/login. This request will expire within 24 hours. Reference ID: PH-0394.",phishing,1
phishing-0428,support@account-verification.net,Final Warning: Account Will Be Closed,"Dear Customer, Your recent payment could not be processed. Submit your banking information to receive the refund: http://secure-update.example/confirm-password. Failure to respond may result in permanent suspension. Reference ID: PH-0428.","Final Warning: Account Will Be Closed Dear Customer, Your recent payment could not be processed. Submit your banking information to receive the refund: http://secure-update.example/confirm-password. Failure to respond may result in permanent suspension. Reference ID: PH-0428.",phishing,1
safe-0371,manager@company.example,Reminder: Upcoming Team Meeting,"Hello, This is a reminder about the scheduled team meeting. You can review the information from your normal account dashboard. Sincerely, Customer Support. Message reference: SAFE-0371.","Reminder: Upcoming Team Meeting Hello, This is a reminder about the scheduled team meeting. You can review the information from your normal account dashboard. Sincerely, Customer Support. Message reference: SAFE-0371.",safe,0
phishing-0118,security@cloud-storage-warning.net,Unusual Login Attempt Detected,"Dear Customer, Your package cannot be delivered until your address is confirmed. Confirm your account information now: http://payment-review.example/billing. This request will expire within 24 hours. Reference ID: PH-0118.","Unusual Login Attempt Detected Dear Customer, Your package cannot be delivered until your address is confirmed. Confirm your account information now: http://payment-review.example/billing. This request will expire within 24 hours. Reference ID: PH-0118.",phishing,1
phishing-0020,rewards@claim-prize-now.net,Confirm Your Banking Information,"Dear Customer, Your mailbox will be disabled because it has exceeded its storage limit. Unlock your account using the secure link: http://refund-processing.example/verify. Failure to respond may result in permanent suspension. Reference ID: PH-0020.","Confirm Your Banking Information Dear Customer, Your mailbox will be disabled because it has exceeded its storage limit. Unlock your account using the secure link: http://refund-processing.example/verify. Failure to respond may result in permanent suspension. Reference ID: PH-0020.",phishing,1
phishing-0132,support@account-verification.net,Claim Your Reward Before It Expires,"Dear Customer, You have been selected to receive a limited reward. Validate your identity within 24 hours: http://delivery-confirmation.example/update. This is your final security warning. Reference ID: PH-0132.","Claim Your Reward Before It Expires Dear Customer, You have been selected to receive a limited reward. Validate your identity within 24 hours: http://delivery-confirmation.example/update. This is your final security warning. Reference ID: PH-0132.",phishing,1
safe-0026,hr@company.example,Software Update Release Notes,"Hello, Your order has been processed and shipped. We appreciate your continued participation. Thank you, Human Resources. Message reference: SAFE-0026.","Software Update Release Notes Hello, Your order has been processed and shipped. We appreciate your continued participation. Thank you, Human Resources. Message reference: SAFE-0026.",safe,0
safe-0229,hr@company.example,Employee Training Schedule,"Hello, The project team completed this week's planned activities. No action is required at this time. Thank you, Human Resources. Message reference: SAFE-0229.","Employee Training Schedule Hello, The project team completed this week's planned activities. No action is required at this time. Thank you, Human Resources. Message reference: SAFE-0229.",safe,0
phishing-0424,notice@tax-refund-review.com,Your Payment Was Declined,"Dear Customer, Your identity information requires immediate verification. Sign in to prevent permanent account closure: http://192.168.1.10/login/verify-account. Failure to respond may result in permanent suspension. Reference ID: PH-0424.","Your Payment Was Declined Dear Customer, Your identity information requires immediate verification. Sign in to prevent permanent account closure: http://192.168.1.10/login/verify-account. Failure to respond may result in permanent suspension. Reference ID: PH-0424.",phishing,1
safe-0181,updates@software.example,Community Event Invitation,"Hello, The project team completed this week's planned activities. You may ignore this message if you have already completed the task. Thanks, The Community Team. Message reference: SAFE-0181.","Community Event Invitation Hello, The project team completed this week's planned activities. You may ignore this message if you have already completed the task. Thanks, The Community Team. Message reference: SAFE-0181.",safe,0
safe-0391,team@project.example,Community Event Invitation,"Hello, This is a reminder about the scheduled team meeting. No action is required at this time. Regards, The Support Team. Message reference: SAFE-0391.","Community Event Invitation Hello, This is a reminder about the scheduled team meeting. No action is required at this time. Regards, The Support Team. Message reference: SAFE-0391.",safe,0
safe-0470,events@community.example,Weekly Project Update,"Hello, Your monthly statement is now available for review. We appreciate your continued participation. Thanks, The Community Team. Message reference: SAFE-0470.","Weekly Project Update Hello, Your monthly statement is now available for review. We appreciate your continued participation. Thanks, The Community Team. Message reference: SAFE-0470.",safe,0
safe-0364,orders@shop.example,Team Performance Summary,"Hello, This message contains the agenda for our upcoming meeting. You may ignore this message if you have already completed the task. Best regards, Project Management. Message reference: SAFE-0364.","Team Performance Summary Hello, This message contains the agenda for our upcoming meeting. You may ignore this message if you have already completed the task. Best regards, Project Management. Message reference: SAFE-0364.",safe,0
safe-0213,notifications@calendar.example,Reminder: Upcoming Team Meeting,"Hello, Thank you for subscribing to our newsletter. The attached summary contains the latest approved information. Best regards, Project Management. Message reference: SAFE-0213.","Reminder: Upcoming Team Meeting Hello, Thank you for subscribing to our newsletter. The attached summary contains the latest approved information. Best regards, Project Management. Message reference: SAFE-0213.",safe,0
safe-0415,support@trusted-service.example,Your Monthly Account Statement,"Hello, Your order has been processed and shipped. You can review the information from your normal account dashboard. Regards, Account Services. Message reference: SAFE-0415.","Your Monthly Account Statement Hello, Your order has been processed and shipped. You can review the information from your normal account dashboard. Regards, Account Services. Message reference: SAFE-0415.",safe,0
phishing-0299,notice@tax-refund-review.com,URGENT: Verify Your Account Immediately,"Dear Customer, Your identity information requires immediate verification. Validate your identity within 24 hours: http://secure-update.example/confirm-password. Failure to respond may result in permanent suspension. Reference ID: PH-0299.","URGENT: Verify Your Account Immediately Dear Customer, Your identity information requires immediate verification. Validate your identity within 24 hours: http://secure-update.example/confirm-password. Failure to respond may result in permanent suspension. Reference ID: PH-0299.",phishing,1
phishing-0323,helpdesk@password-confirmation.net,Tax Refund Confirmation Required,"Dear Customer, You have been selected to receive a limited reward. Sign in to prevent permanent account closure: http://account-security-check.example/login. Failure to respond may result in permanent suspension. Reference ID: PH-0323.","Tax Refund Confirmation Required Dear Customer, You have been selected to receive a limited reward. Sign in to prevent permanent account closure: http://account-security-check.example/login. Failure to respond may result in permanent suspension. Reference ID: PH-0323.",phishing,1
safe-0335,support@trusted-service.example,Meeting Agenda for Tomorrow,"Hello, The project team completed this week's planned activities. The meeting will take place during normal business hours. Thank you, Human Resources. Message reference: SAFE-0335.","Meeting Agenda for Tomorrow Hello, The project team completed this week's planned activities. The meeting will take place during normal business hours. Thank you, Human Resources. Message reference: SAFE-0335.",safe,0
safe-0145,updates@software.example,Monthly Subscription Receipt,"Hello, Your order has been processed and shipped. The attached summary contains the latest approved information. Sincerely, Customer Support. Message reference: SAFE-0145.","Monthly Subscription Receipt Hello, Your order has been processed and shipped. The attached summary contains the latest approved information. Sincerely, Customer Support. Message reference: SAFE-0145.",safe,0
phishing-0433,helpdesk@password-confirmation.net,Your Payment Was Declined,"Dear Customer, Your package cannot be delivered until your address is confirmed. Unlock your account using the secure link: http://mailbox-validation.example/signin. This is your final security warning. Reference ID: PH-0433.","Your Payment Was Declined Dear Customer, Your package cannot be delivered until your address is confirmed. Unlock your account using the secure link: http://mailbox-validation.example/signin. This is your final security warning. Reference ID: PH-0433.",phishing,1
safe-0465,team@project.example,Your Order Has Been Shipped,"Hello, A new software update is available with performance improvements. We appreciate your continued participation. Sincerely, Customer Support. Message reference: SAFE-0465.","Your Order Has Been Shipped Hello, A new software update is available with performance improvements. We appreciate your continued participation. Sincerely, Customer Support. Message reference: SAFE-0465.",safe,0
phishing-0049,billing@payment-review-alert.com,Unusual Login Attempt Detected,"Dear Customer, You have been selected to receive a limited reward. Confirm your account information now: http://delivery-confirmation.example/update. This request will expire within 24 hours. Reference ID: PH-0049.","Unusual Login Attempt Detected Dear Customer, You have been selected to receive a limited reward. Confirm your account information now: http://delivery-confirmation.example/update. This request will expire within 24 hours. Reference ID: PH-0049.",phishing,1
phishing-0415,admin@secure-login-update.com,Immediate Action Required,"Dear Customer, Your account has temporarily been suspended. Validate your identity within 24 hours: http://payment-review.example/billing. This request will expire within 24 hours. Reference ID: PH-0415.","Immediate Action Required Dear Customer, Your account has temporarily been suspended. Validate your identity within 24 hours: http://payment-review.example/billing. This request will expire within 24 hours. Reference ID: PH-0415.",phishing,1
safe-0424,orders@shop.example,Monthly Subscription Receipt,"Hello, This message contains the agenda for our upcoming meeting. No action is required at this time. Sincerely, Customer Support. Message reference: SAFE-0424.","Monthly Subscription Receipt Hello, This message contains the agenda for our upcoming meeting. No action is required at this time. Sincerely, Customer Support. Message reference: SAFE-0424.",safe,0
safe-0094,support@trusted-service.example,Welcome to Our Newsletter,"Hello, This is a reminder about the scheduled team meeting. We appreciate your continued participation. Sincerely, Customer Support. Message reference: SAFE-0094.","Welcome to Our Newsletter Hello, This is a reminder about the scheduled team meeting. We appreciate your continued participation. Sincerely, Customer Support. Message reference: SAFE-0094.",safe,0
safe-0089,manager@company.example,Weekly Project Update,"Hello, Your monthly statement is now available for review. The meeting will take place during normal business hours. Regards, Account Services. Message reference: SAFE-0089.","Weekly Project Update Hello, Your monthly statement is now available for review. The meeting will take place during normal business hours. Regards, Account Services. Message reference: SAFE-0089.",safe,0
safe-0143,support@trusted-service.example,Team Performance Summary,"Hello, Here is the latest update from our team. Your existing password and account settings remain unchanged. Best regards, Project Management. Message reference: SAFE-0143.","Team Performance Summary Hello, Here is the latest update from our team. Your existing password and account settings remain unchanged. Best regards, Project Management. Message reference: SAFE-0143.",safe,0
phishing-0469,helpdesk@password-confirmation.net,Confirm Your Banking Information,"Dear Customer, An unauthorized login attempt was detected. Verify your password and OTP immediately: http://account-security-check.example/login. Act immediately to avoid interruption of service. Reference ID: PH-0469.","Confirm Your Banking Information Dear Customer, An unauthorized login attempt was detected. Verify your password and OTP immediately: http://account-security-check.example/login. Act immediately to avoid interruption of service. Reference ID: PH-0469.",phishing,1
safe-0376,team@project.example,Reminder: Upcoming Team Meeting,"Hello, Thank you for subscribing to our newsletter. You may ignore this message if you have already completed the task. Regards, The Support Team. Message reference: SAFE-0376.","Reminder: Upcoming Team Meeting Hello, Thank you for subscribing to our newsletter. You may ignore this message if you have already completed the task. Regards, The Support Team. Message reference: SAFE-0376.",safe,0
safe-0059,updates@software.example,Employee Training Schedule,"Hello, Your order has been processed and shipped. You can review the information from your normal account dashboard. Thanks, The Community Team. Message reference: SAFE-0059.","Employee Training Schedule Hello, Your order has been processed and shipped. You can review the information from your normal account dashboard. Thanks, The Community Team. Message reference: SAFE-0059.",safe,0
phishing-0431,notice@tax-refund-review.com,Unusual Login Attempt Detected,"Dear Customer, We detected suspicious activity on your account. Update your payment information: http://refund-processing.example/verify. Ignoring this message may result in account closure. Reference ID: PH-0431.","Unusual Login Attempt Detected Dear Customer, We detected suspicious activity on your account. Update your payment information: http://refund-processing.example/verify. Ignoring this message may result in account closure. Reference ID: PH-0431.",phishing,1
phishing-0251,rewards@claim-prize-now.net,Tax Refund Confirmation Required,"Dear Customer, An unauthorized login attempt was detected. Update your payment information: http://mailbox-validation.example/signin. Ignoring this message may result in account closure. Reference ID: PH-0251.","Tax Refund Confirmation Required Dear Customer, An unauthorized login attempt was detected. Update your payment information: http://mailbox-validation.example/signin. Ignoring this message may result in account closure. Reference ID: PH-0251.",phishing,1
phishing-0280,notice@tax-refund-review.com,Unusual Login Attempt Detected,"Dear Customer, Your mailbox will be disabled because it has exceeded its storage limit. Unlock your account using the secure link: http://mailbox-validation.example/signin. Failure to respond may result in permanent suspension. Reference ID: PH-0280.","Unusual Login Attempt Detected Dear Customer, Your mailbox will be disabled because it has exceeded its storage limit. Unlock your account using the secure link: http://mailbox-validation.example/signin. Failure to respond may result in permanent suspension. Reference ID: PH-0280.",phishing,1
safe-0050,updates@software.example,Software Update Release Notes,"Hello, Your order has been processed and shipped. Your existing password and account settings remain unchanged. Sincerely, Customer Support. Message reference: SAFE-0050.","Software Update Release Notes Hello, Your order has been processed and shipped. Your existing password and account settings remain unchanged. Sincerely, Customer Support. Message reference: SAFE-0050.",safe,0
phishing-0189,security@cloud-storage-warning.net,Tax Refund Confirmation Required,"Dear Customer, Your mailbox will be disabled because it has exceeded its storage limit. Unlock your account using the secure link: http://reward-claim.example/winner. This request will expire within 24 hours. Reference ID: PH-0189.","Tax Refund Confirmation Required Dear Customer, Your mailbox will be disabled because it has exceeded its storage limit. Unlock your account using the secure link: http://reward-claim.example/winner. This request will expire within 24 hours. Reference ID: PH-0189.",phishing,1
phishing-0345,rewards@claim-prize-now.net,Your Payment Was Declined,"Dear Customer, Your mailbox will be disabled because it has exceeded its storage limit. Verify your password and OTP immediately: http://payment-review.example/billing. Act immediately to avoid interruption of service. Reference ID: PH-0345.","Your Payment Was Declined Dear Customer, Your mailbox will be disabled because it has exceeded its storage limit. Verify your password and OTP immediately: http://payment-review.example/billing. Act immediately to avoid interruption of service. Reference ID: PH-0345.",phishing,1
phishing-0103,billing@payment-review-alert.com,Tax Refund Confirmation Required,"Dear Customer, Your account has temporarily been suspended. Submit your banking information to receive the refund: http://delivery-confirmation.example/update. Ignoring this message may result in account closure. Reference ID: PH-0103.","Tax Refund Confirmation Required Dear Customer, Your account has temporarily been suspended. Submit your banking information to receive the refund: http://delivery-confirmation.example/update. Ignoring this message may result in account closure. Reference ID: PH-0103.",phishing,1
safe-0129,hr@company.example,Monthly Subscription Receipt,"Hello, This message contains the agenda for our upcoming meeting. The attached summary contains the latest approved information. Best regards, Project Management. Message reference: SAFE-0129.","Monthly Subscription Receipt Hello, This message contains the agenda for our upcoming meeting. The attached summary contains the latest approved information. Best regards, Project Management. Message reference: SAFE-0129.",safe,0
safe-0373,events@community.example,Weekly Project Update,"Hello, Thank you for subscribing to our newsletter. Your existing password and account settings remain unchanged. Best regards, Project Management. Message reference: SAFE-0373.","Weekly Project Update Hello, Thank you for subscribing to our newsletter. Your existing password and account settings remain unchanged. Best regards, Project Management. Message reference: SAFE-0373.",safe,0
safe-0068,notifications@calendar.example,Your Monthly Account Statement,"Hello, The project team completed this week's planned activities. No action is required at this time. Regards, The Support Team. Message reference: SAFE-0068.","Your Monthly Account Statement Hello, The project team completed this week's planned activities. No action is required at this time. Regards, The Support Team. Message reference: SAFE-0068.",safe,0
phishing-0296,support@account-verification.net,Immediate Action Required,"Dear Customer, An unauthorized login attempt was detected. Confirm your account information now: http://secure-update.example/confirm-password. Failure to respond may result in permanent suspension. Reference ID: PH-0296.","Immediate Action Required Dear Customer, An unauthorized login attempt was detected. Confirm your account information now: http://secure-update.example/confirm-password. Failure to respond may result in permanent suspension. Reference ID: PH-0296.",phishing,1
safe-0375,support@trusted-service.example,Reminder: Upcoming Team Meeting,"Hello, Your monthly statement is now available for review. The meeting will take place during normal business hours. Regards, The Support Team. Message reference: SAFE-0375.","Reminder: Upcoming Team Meeting Hello, Your monthly statement is now available for review. The meeting will take place during normal business hours. Regards, The Support Team. Message reference: SAFE-0375.",safe,0
safe-0222,notifications@calendar.example,Reminder: Upcoming Team Meeting,"Hello, Your monthly statement is now available for review. No action is required at this time. Thanks, The Community Team. Message reference: SAFE-0222.","Reminder: Upcoming Team Meeting Hello, Your monthly statement is now available for review. No action is required at this time. Thanks, The Community Team. Message reference: SAFE-0222.",safe,0
phishing-0151,notice@tax-refund-review.com,Package Delivery Failed,"Dear Customer, We detected suspicious activity on your account. Unlock your account using the secure link: http://refund-processing.example/verify. Failure to respond may result in permanent suspension. Reference ID: PH-0151.","Package Delivery Failed Dear Customer, We detected suspicious activity on your account. Unlock your account using the secure link: http://refund-processing.example/verify. Failure to respond may result in permanent suspension. Reference ID: PH-0151.",phishing,1
phishing-0178,service@urgent-account-check.com,URGENT: Verify Your Account Immediately,"Dear Customer, Your mailbox will be disabled because it has exceeded its storage limit. Verify your password and OTP immediately: http://payment-review.example/billing. Act immediately to avoid interruption of service. Reference ID: PH-0178.","URGENT: Verify Your Account Immediately Dear Customer, Your mailbox will be disabled because it has exceeded its storage limit. Verify your password and OTP immediately: http://payment-review.example/billing. Act immediately to avoid interruption of service. Reference ID: PH-0178.",phishing,1
safe-0423,manager@company.example,Welcome to Our Newsletter,"Hello, This message contains the agenda for our upcoming meeting. We appreciate your continued participation. Thanks, The Community Team. Message reference: SAFE-0423.","Welcome to Our Newsletter Hello, This message contains the agenda for our upcoming meeting. We appreciate your continued participation. Thanks, The Community Team. Message reference: SAFE-0423.",safe,0
phishing-0406,service@urgent-account-check.com,Security Alert: Password Confirmation Required,"Dear Customer, Your package cannot be delivered until your address is confirmed. Submit your banking information to receive the refund: http://refund-processing.example/verify. Ignoring this message may result in account closure. Reference ID: PH-0406.","Security Alert: Password Confirmation Required Dear Customer, Your package cannot be delivered until your address is confirmed. Submit your banking information to receive the refund: http://refund-processing.example/verify. Ignoring this message may result in account closure. Reference ID: PH-0406.",phishing,1
safe-0221,notifications@calendar.example,Employee Training Schedule,"Hello, Your order has been processed and shipped. We appreciate your continued participation. Sincerely, Customer Support. Message reference: SAFE-0221.","Employee Training Schedule Hello, Your order has been processed and shipped. We appreciate your continued participation. Sincerely, Customer Support. Message reference: SAFE-0221.",safe,0
phishing-0243,helpdesk@password-confirmation.net,Final Warning: Account Will Be Closed,"Dear Customer, Your account has temporarily been suspended. Unlock your account using the secure link: http://refund-processing.example/verify. This request will expire within 24 hours. Reference ID: PH-0243.","Final Warning: Account Will Be Closed Dear Customer, Your account has temporarily been suspended. Unlock your account using the secure link: http://refund-processing.example/verify. This request will expire within 24 hours. Reference ID: PH-0243.",phishing,1
safe-0453,events@community.example,Thank You for Your Feedback,"Hello, This is a reminder about the scheduled team meeting. The meeting will take place during normal business hours. Thank you, Human Resources. Message reference: SAFE-0453.","Thank You for Your Feedback Hello, This is a reminder about the scheduled team meeting. The meeting will take place during normal business hours. Thank you, Human Resources. Message reference: SAFE-0453.",safe,0
phishing-0380,delivery@parcel-update-alert.com,Security Alert: Password Confirmation Required,"Dear Customer, An unauthorized login attempt was detected. Unlock your account using the secure link: http://delivery-confirmation.example/update. This is your final security warning. Reference ID: PH-0380.","Security Alert: Password Confirmation Required Dear Customer, An unauthorized login attempt was detected. Unlock your account using the secure link: http://delivery-confirmation.example/update. This is your final security warning. Reference ID: PH-0380.",phishing,1
phishing-0136,helpdesk@password-confirmation.net,Your Payment Was Declined,"Dear Customer, Your mailbox will be disabled because it has exceeded its storage limit. Confirm your delivery address: http://192.168.1.10/login/verify-account. Act immediately to avoid interruption of service. Reference ID: PH-0136.","Your Payment Was Declined Dear Customer, Your mailbox will be disabled because it has exceeded its storage limit. Confirm your delivery address: http://192.168.1.10/login/verify-account. Act immediately to avoid interruption of service. Reference ID: PH-0136.",phishing,1
safe-0159,manager@company.example,Weekly Project Update,"Hello, Your monthly statement is now available for review. You can review the information from your normal account dashboard. Thank you, Human Resources. Message reference: SAFE-0159.","Weekly Project Update Hello, Your monthly statement is now available for review. You can review the information from your normal account dashboard. Thank you, Human Resources. Message reference: SAFE-0159.",safe,0
phishing-0313,rewards@claim-prize-now.net,Tax Refund Confirmation Required,"Dear Customer, You have been selected to receive a limited reward. Confirm your delivery address: http://secure-update.example/confirm-password. This is your final security warning. Reference ID: PH-0313.","Tax Refund Confirmation Required Dear Customer, You have been selected to receive a limited reward. Confirm your delivery address: http://secure-update.example/confirm-password. This is your final security warning. Reference ID: PH-0313.",phishing,1
phishing-0451,service@urgent-account-check.com,Confirm Your Banking Information,"Dear Customer, You have been selected to receive a limited reward. Submit your banking information to receive the refund: http://account-security-check.example/login. Ignoring this message may result in account closure. Reference ID: PH-0451.","Confirm Your Banking Information Dear Customer, You have been selected to receive a limited reward. Submit your banking information to receive the refund: http://account-security-check.example/login. Ignoring this message may result in account closure. Reference ID: PH-0451.",phishing,1
phishing-0033,admin@secure-login-update.com,Package Delivery Failed,"Dear Customer, We detected suspicious activity on your account. Confirm your delivery address: http://secure-update.example/confirm-password. Ignoring this message may result in account closure. Reference ID: PH-0033.","Package Delivery Failed Dear Customer, We detected suspicious activity on your account. Confirm your delivery address: http://secure-update.example/confirm-password. Ignoring this message may result in account closure. Reference ID: PH-0033.",phishing,1
phishing-0009,delivery@parcel-update-alert.com,Your Payment Was Declined,"Dear Customer, You have been selected to receive a limited reward. Update your payment information: http://delivery-confirmation.example/update. This request will expire within 24 hours. Reference ID: PH-0009.","Your Payment Was Declined Dear Customer, You have been selected to receive a limited reward. Update your payment information: http://delivery-confirmation.example/update. This request will expire within 24 hours. Reference ID: PH-0009.",phishing,1
phishing-0006,billing@payment-review-alert.com,Your Account Has Been Suspended,"Dear Customer, Your mailbox will be disabled because it has exceeded its storage limit. Validate your identity within 24 hours: http://refund-processing.example/verify. Act immediately to avoid interruption of service. Reference ID: PH-0006.","Your Account Has Been Suspended Dear Customer, Your mailbox will be disabled because it has exceeded its storage limit. Validate your identity within 24 hours: http://refund-processing.example/verify. Act immediately to avoid interruption of service. Reference ID: PH-0006.",phishing,1
phishing-0264,rewards@claim-prize-now.net,URGENT: Verify Your Account Immediately,"Dear Customer, Your identity information requires immediate verification. Update your payment information: http://secure-update.example/confirm-password. This request will expire within 24 hours. Reference ID: PH-0264.","URGENT: Verify Your Account Immediately Dear Customer, Your identity information requires immediate verification. Update your payment information: http://secure-update.example/confirm-password. This request will expire within 24 hours. Reference ID: PH-0264.",phishing,1
safe-0434,orders@shop.example,Welcome to Our Newsletter,"Hello, This is a reminder about the scheduled team meeting. The meeting will take place during normal business hours. Thanks, The Community Team. Message reference: SAFE-0434.","Welcome to Our Newsletter Hello, This is a reminder about the scheduled team meeting. The meeting will take place during normal business hours. Thanks, The Community Team. Message reference: SAFE-0434.",safe,0
safe-0493,updates@software.example,Your Monthly Account Statement,"Hello, Your monthly statement is now available for review. You may ignore this message if you have already completed the task. Regards, The Support Team. Message reference: SAFE-0493.","Your Monthly Account Statement Hello, Your monthly statement is now available for review. You may ignore this message if you have already completed the task. Regards, The Support Team. Message reference: SAFE-0493.",safe,0
phishing-0266,helpdesk@password-confirmation.net,Final Warning: Account Will Be Closed,"Dear Customer, Your package cannot be delivered until your address is confirmed. Submit your banking information to receive the refund: http://refund-processing.example/verify. Act immediately to avoid interruption of service. Reference ID: PH-0266.","Final Warning: Account Will Be Closed Dear Customer, Your package cannot be delivered until your address is confirmed. Submit your banking information to receive the refund: http://refund-processing.example/verify. Act immediately to avoid interruption of service. Reference ID: PH-0266.",phishing,1
phishing-0105,support@account-verification.net,Claim Your Reward Before It Expires,"Dear Customer, Your mailbox will be disabled because it has exceeded its storage limit. Validate your identity within 24 hours: http://192.168.1.10/login/verify-account. Act immediately to avoid interruption of service. Reference ID: PH-0105.","Claim Your Reward Before It Expires Dear Customer, Your mailbox will be disabled because it has exceeded its storage limit. Validate your identity within 24 hours: http://192.168.1.10/login/verify-account. Act immediately to avoid interruption of service. Reference ID: PH-0105.",phishing,1
phishing-0209,rewards@claim-prize-now.net,Your Mailbox Storage Is Full,"Dear Customer, We detected suspicious activity on your account. Sign in to prevent permanent account closure: http://payment-review.example/billing. Failure to respond may result in permanent suspension. Reference ID: PH-0209.","Your Mailbox Storage Is Full Dear Customer, We detected suspicious activity on your account. Sign in to prevent permanent account closure: http://payment-review.example/billing. Failure to respond may result in permanent suspension. Reference ID: PH-0209.",phishing,1
phishing-0322,billing@payment-review-alert.com,Your Account Has Been Suspended,"Dear Customer, We detected suspicious activity on your account. Unlock your account using the secure link: http://refund-processing.example/verify. This request will expire within 24 hours. Reference ID: PH-0322.","Your Account Has Been Suspended Dear Customer, We detected suspicious activity on your account. Unlock your account using the secure link: http://refund-processing.example/verify. This request will expire within 24 hours. Reference ID: PH-0322.",phishing,1
safe-0136,hr@company.example,Your Order Has Been Shipped,"Hello, This message contains the agenda for our upcoming meeting. The meeting will take place during normal business hours. Best regards, Project Management. Message reference: SAFE-0136.","Your Order Has Been Shipped Hello, This message contains the agenda for our upcoming meeting. The meeting will take place during normal business hours. Best regards, Project Management. Message reference: SAFE-0136.",safe,0
phishing-0448,delivery@parcel-update-alert.com,Security Alert: Password Confirmation Required,"Dear Customer, Your package cannot be delivered until your address is confirmed. Submit your banking information to receive the refund: http://delivery-confirmation.example/update. Act immediately to avoid interruption of service. Reference ID: PH-0448.","Security Alert: Password Confirmation Required Dear Customer, Your package cannot be delivered until your address is confirmed. Submit your banking information to receive the refund: http://delivery-confirmation.example/update. Act immediately to avoid interruption of service. Reference ID: PH-0448.",phishing,1
phishing-0301,support@account-verification.net,Your Mailbox Storage Is Full,"Dear Customer, Your identity information requires immediate verification. Confirm your account information now: http://192.168.1.10/login/verify-account. Failure to respond may result in permanent suspension. Reference ID: PH-0301.","Your Mailbox Storage Is Full Dear Customer, Your identity information requires immediate verification. Confirm your account information now: http://192.168.1.10/login/verify-account. Failure to respond may result in permanent suspension. Reference ID: PH-0301.",phishing,1
safe-0383,billing@subscription.example,Employee Training Schedule,"Hello, The project team completed this week's planned activities. Please contact your manager if you have any questions. Regards, The Support Team. Message reference: SAFE-0383.","Employee Training Schedule Hello, The project team completed this week's planned activities. Please contact your manager if you have any questions. Regards, The Support Team. Message reference: SAFE-0383.",safe,0
phishing-0113,service@urgent-account-check.com,Your Mailbox Storage Is Full,"Dear Customer, An unauthorized login attempt was detected. Confirm your account information now: http://secure-update.example/confirm-password. Act immediately to avoid interruption of service. Reference ID: PH-0113.","Your Mailbox Storage Is Full Dear Customer, An unauthorized login attempt was detected. Confirm your account information now: http://secure-update.example/confirm-password. Act immediately to avoid interruption of service. Reference ID: PH-0113.",phishing,1
phishing-0371,billing@payment-review-alert.com,Package Delivery Failed,"Dear Customer, Your mailbox will be disabled because it has exceeded its storage limit. Unlock your account using the secure link: http://payment-review.example/billing. Failure to respond may result in permanent suspension. Reference ID: PH-0371.","Package Delivery Failed Dear Customer, Your mailbox will be disabled because it has exceeded its storage limit. Unlock your account using the secure link: http://payment-review.example/billing. Failure to respond may result in permanent suspension. Reference ID: PH-0371.",phishing,1
safe-0241,orders@shop.example,Welcome to Our Newsletter,"Hello, Your order has been processed and shipped. The meeting will take place during normal business hours. Best regards, Project Management. Message reference: SAFE-0241.","Welcome to Our Newsletter Hello, Your order has been processed and shipped. The meeting will take place during normal business hours. Best regards, Project Management. Message reference: SAFE-0241.",safe,0
safe-0039,newsletter@company.example,Thank You for Your Feedback,"Hello, A new software update is available with performance improvements. No action is required at this time. Thanks, The Community Team. Message reference: SAFE-0039.","Thank You for Your Feedback Hello, A new software update is available with performance improvements. No action is required at this time. Thanks, The Community Team. Message reference: SAFE-0039.",safe,0
safe-0479,hr@company.example,Weekly Project Update,"Hello, A new software update is available with performance improvements. Your existing password and account settings remain unchanged. Thanks, The Community Team. Message reference: SAFE-0479.","Weekly Project Update Hello, A new software update is available with performance improvements. Your existing password and account settings remain unchanged. Thanks, The Community Team. Message reference: SAFE-0479.",safe,0
safe-0393,billing@subscription.example,Employee Training Schedule,"Hello, Thank you for subscribing to our newsletter. You may ignore this message if you have already completed the task. Thanks, The Community Team. Message reference: SAFE-0393.","Employee Training Schedule Hello, Thank you for subscribing to our newsletter. You may ignore this message if you have already completed the task. Thanks, The Community Team. Message reference: SAFE-0393.",safe,0
phishing-0038,support@account-verification.net,Unusual Login Attempt Detected,"Dear Customer, An unauthorized login attempt was detected. Validate your identity within 24 hours: http://192.168.1.10/login/verify-account. Failure to respond may result in permanent suspension. Reference ID: PH-0038.","Unusual Login Attempt Detected Dear Customer, An unauthorized login attempt was detected. Validate your identity within 24 hours: http://192.168.1.10/login/verify-account. Failure to respond may result in permanent suspension. Reference ID: PH-0038.",phishing,1
phishing-0138,security@cloud-storage-warning.net,Final Warning: Account Will Be Closed,"Dear Customer, Your account has temporarily been suspended. Validate your identity within 24 hours: http://mailbox-validation.example/signin. Act immediately to avoid interruption of service. Reference ID: PH-0138.","Final Warning: Account Will Be Closed Dear Customer, Your account has temporarily been suspended. Validate your identity within 24 hours: http://mailbox-validation.example/signin. Act immediately to avoid interruption of service. Reference ID: PH-0138.",phishing,1
phishing-0343,support@account-verification.net,Claim Your Reward Before It Expires,"Dear Customer, Your account has temporarily been suspended. Confirm your delivery address: http://delivery-confirmation.example/update. Act immediately to avoid interruption of service. Reference ID: PH-0343.","Claim Your Reward Before It Expires Dear Customer, Your account has temporarily been suspended. Confirm your delivery address: http://delivery-confirmation.example/update. Act immediately to avoid interruption of service. Reference ID: PH-0343.",phishing,1
safe-0330,support@trusted-service.example,Your Monthly Account Statement,"Hello, This message contains the agenda for our upcoming meeting. You can review the information from your normal account dashboard. Thanks, The Community Team. Message reference: SAFE-0330.","Your Monthly Account Statement Hello, This message contains the agenda for our upcoming meeting. You can review the information from your normal account dashboard. Thanks, The Community Team. Message reference: SAFE-0330.",safe,0
phishing-0043,security@cloud-storage-warning.net,Your Mailbox Storage Is Full,"Dear Customer, Your package cannot be delivered until your address is confirmed. Submit your banking information to receive the refund: http://refund-processing.example/verify. Ignoring this message may result in account closure. Reference ID: PH-0043.","Your Mailbox Storage Is Full Dear Customer, Your package cannot be delivered until your address is confirmed. Submit your banking information to receive the refund: http://refund-processing.example/verify. Ignoring this message may result in account closure. Reference ID: PH-0043.",phishing,1
phishing-0122,service@urgent-account-check.com,Your Mailbox Storage Is Full,"Dear Customer, Your account has temporarily been suspended. Verify your password and OTP immediately: http://secure-update.example/confirm-password. This request will expire within 24 hours. Reference ID: PH-0122.","Your Mailbox Storage Is Full Dear Customer, Your account has temporarily been suspended. Verify your password and OTP immediately: http://secure-update.example/confirm-password. This request will expire within 24 hours. Reference ID: PH-0122.",phishing,1
safe-0066,billing@subscription.example,Welcome to Our Newsletter,"Hello, This message contains the agenda for our upcoming meeting. The attached summary contains the latest approved information. Best regards, Project Management. Message reference: SAFE-0066.","Welcome to Our Newsletter Hello, This message contains the agenda for our upcoming meeting. The attached summary contains the latest approved information. Best regards, Project Management. Message reference: SAFE-0066.",safe,0
safe-0256,notifications@calendar.example,Thank You for Your Feedback,"Hello, Your monthly statement is now available for review. Please contact your manager if you have any questions. Sincerely, Customer Support. Message reference: SAFE-0256.","Thank You for Your Feedback Hello, Your monthly statement is now available for review. Please contact your manager if you have any questions. Sincerely, Customer Support. Message reference: SAFE-0256.",safe,0
phishing-0375,service@urgent-account-check.com,Tax Refund Confirmation Required,"Dear Customer, Your identity information requires immediate verification. Confirm your delivery address: http://account-security-check.example/login. Failure to respond may result in permanent suspension. Reference ID: PH-0375.","Tax Refund Confirmation Required Dear Customer, Your identity information requires immediate verification. Confirm your delivery address: http://account-security-check.example/login. Failure to respond may result in permanent suspension. Reference ID: PH-0375.",phishing,1
phishing-0439,admin@secure-login-update.com,Claim Your Reward Before It Expires,"Dear Customer, Your package cannot be delivered until your address is confirmed. Confirm your delivery address: http://payment-review.example/billing. This is your final security warning. Reference ID: PH-0439.","Claim Your Reward Before It Expires Dear Customer, Your package cannot be delivered until your address is confirmed. Confirm your delivery address: http://payment-review.example/billing. This is your final security warning. Reference ID: PH-0439.",phishing,1
phishing-0069,notice@tax-refund-review.com,Unusual Login Attempt Detected,"Dear Customer, An unauthorized login attempt was detected. Submit your banking information to receive the refund: http://account-security-check.example/login. Failure to respond may result in permanent suspension. Reference ID: PH-0069.","Unusual Login Attempt Detected Dear Customer, An unauthorized login attempt was detected. Submit your banking information to receive the refund: http://account-security-check.example/login. Failure to respond may result in permanent suspension. Reference ID: PH-0069.",phishing,1
phishing-0396,support@account-verification.net,URGENT: Verify Your Account Immediately,"Dear Customer, An unauthorized login attempt was detected. Validate your identity within 24 hours: http://account-security-check.example/login. This is your final security warning. Reference ID: PH-0396.","URGENT: Verify Your Account Immediately Dear Customer, An unauthorized login attempt was detected. Validate your identity within 24 hours: http://account-security-check.example/login. This is your final security warning. Reference ID: PH-0396.",phishing,1
phishing-0383,security@unknown-bank-alert.com,Tax Refund Confirmation Required,"Dear Customer, We detected suspicious activity on your account. Sign in to prevent permanent account closure: http://delivery-confirmation.example/update. This request will expire within 24 hours. Reference ID: PH-0383.","Tax Refund Confirmation Required Dear Customer, We detected suspicious activity on your account. Sign in to prevent permanent account closure: http://delivery-confirmation.example/update. This request will expire within 24 hours. Reference ID: PH-0383.",phishing,1
safe-0040,events@community.example,Community Event Invitation,"Hello, Your order has been processed and shipped. You can review the information from your normal account dashboard. Regards, Account Services. Message reference: SAFE-0040.","Community Event Invitation Hello, Your order has been processed and shipped. You can review the information from your normal account dashboard. Regards, Account Services. Message reference: SAFE-0040.",safe,0
phishing-0205,rewards@claim-prize-now.net,Confirm Your Banking Information,"Dear Customer, Your account has temporarily been suspended. Verify your password and OTP immediately: http://account-security-check.example/login. Ignoring this message may result in account closure. Reference ID: PH-0205.","Confirm Your Banking Information Dear Customer, Your account has temporarily been suspended. Verify your password and OTP immediately: http://account-security-check.example/login. Ignoring this message may result in account closure. Reference ID: PH-0205.",phishing,1
phishing-0376,helpdesk@password-confirmation.net,Your Mailbox Storage Is Full,"Dear Customer, Your recent payment could not be processed. Sign in to prevent permanent account closure: http://account-security-check.example/login. Ignoring this message may result in account closure. Reference ID: PH-0376.","Your Mailbox Storage Is Full Dear Customer, Your recent payment could not be processed. Sign in to prevent permanent account closure: http://account-security-check.example/login. Ignoring this message may result in account closure. Reference ID: PH-0376.",phishing,1
safe-0482,notifications@calendar.example,Meeting Agenda for Tomorrow,"Hello, This message contains the agenda for our upcoming meeting. The attached summary contains the latest approved information. Thanks, The Community Team. Message reference: SAFE-0482.","Meeting Agenda for Tomorrow Hello, This message contains the agenda for our upcoming meeting. The attached summary contains the latest approved information. Thanks, The Community Team. Message reference: SAFE-0482.",safe,0
safe-0389,notifications@calendar.example,Your Order Has Been Shipped,"Hello, This message contains the agenda for our upcoming meeting. You may ignore this message if you have already completed the task. Thanks, The Community Team. Message reference: SAFE-0389.","Your Order Has Been Shipped Hello, This message contains the agenda for our upcoming meeting. You may ignore this message if you have already completed the task. Thanks, The Community Team. Message reference: SAFE-0389.",safe,0
phishing-0032,admin@secure-login-update.com,Tax Refund Confirmation Required,"Dear Customer, Your identity information requires immediate verification. Update your payment information: http://refund-processing.example/verify. This is your final security warning. Reference ID: PH-0032.","Tax Refund Confirmation Required Dear Customer, Your identity information requires immediate verification. Update your payment information: http://refund-processing.example/verify. This is your final security warning. Reference ID: PH-0032.",phishing,1
phishing-0228,delivery@parcel-update-alert.com,URGENT: Verify Your Account Immediately,"Dear Customer, We detected suspicious activity on your account. Update your payment information: http://account-security-check.example/login. Ignoring this message may result in account closure. Reference ID: PH-0228.","URGENT: Verify Your Account Immediately Dear Customer, We detected suspicious activity on your account. Update your payment information: http://account-security-check.example/login. Ignoring this message may result in account closure. Reference ID: PH-0228.",phishing,1
safe-0067,billing@subscription.example,Thank You for Your Feedback,"Hello, The project team completed this week's planned activities. You can review the information from your normal account dashboard. Thank you, Human Resources. Message reference: SAFE-0067.","Thank You for Your Feedback Hello, The project team completed this week's planned activities. You can review the information from your normal account dashboard. Thank you, Human Resources. Message reference: SAFE-0067.",safe,0
phishing-0492,notice@tax-refund-review.com,URGENT: Verify Your Account Immediately,"Dear Customer, Your package cannot be delivered until your address is confirmed. Update your payment information: http://reward-claim.example/winner. This is your final security warning. Reference ID: PH-0492.","URGENT: Verify Your Account Immediately Dear Customer, Your package cannot be delivered until your address is confirmed. Update your payment information: http://reward-claim.example/winner. This is your final security warning. Reference ID: PH-0492.",phishing,1
phishing-0175,rewards@claim-prize-now.net,Immediate Action Required,"Dear Customer, An unauthorized login attempt was detected. Confirm your delivery address: http://reward-claim.example/winner. This request will expire within 24 hours. Reference ID: PH-0175.","Immediate Action Required Dear Customer, An unauthorized login attempt was detected. Confirm your delivery address: http://reward-claim.example/winner. This request will expire within 24 hours. Reference ID: PH-0175.",phishing,1
safe-0279,billing@subscription.example,Welcome to Our Newsletter,"Hello, Here is the latest update from our team. No action is required at this time. Sincerely, Customer Support. Message reference: SAFE-0279.","Welcome to Our Newsletter Hello, Here is the latest update from our team. No action is required at this time. Sincerely, Customer Support. Message reference: SAFE-0279.",safe,0
safe-0379,team@project.example,Team Performance Summary,"Hello, A new software update is available with performance improvements. You may ignore this message if you have already completed the task. Best regards, Project Management. Message reference: SAFE-0379.","Team Performance Summary Hello, A new software update is available with performance improvements. You may ignore this message if you have already completed the task. Best regards, Project Management. Message reference: SAFE-0379.",safe,0
safe-0492,team@project.example,Your Monthly Account Statement,"Hello, Here is the latest update from our team. The meeting will take place during normal business hours. Sincerely, Customer Support. Message reference: SAFE-0492.","Your Monthly Account Statement Hello, Here is the latest update from our team. The meeting will take place during normal business hours. Sincerely, Customer Support. Message reference: SAFE-0492.",safe,0
phishing-0435,security@unknown-bank-alert.com,Unusual Login Attempt Detected,"Dear Customer, An unauthorized login attempt was detected. Unlock your account using the secure link: http://account-security-check.example/login. This is your final security warning. Reference ID: PH-0435.","Unusual Login Attempt Detected Dear Customer, An unauthorized login attempt was detected. Unlock your account using the secure link: http://account-security-check.example/login. This is your final security warning. Reference ID: PH-0435.",phishing,1
phishing-0011,rewards@claim-prize-now.net,Your Mailbox Storage Is Full,"Dear Customer, Your account has temporarily been suspended. Unlock your account using the secure link: http://mailbox-validation.example/signin. This is your final security warning. Reference ID: PH-0011.","Your Mailbox Storage Is Full Dear Customer, Your account has temporarily been suspended. Unlock your account using the secure link: http://mailbox-validation.example/signin. This is your final security warning. Reference ID: PH-0011.",phishing,1
safe-0315,events@community.example,Thank You for Your Feedback,"Hello, This message contains the agenda for our upcoming meeting. The attached summary contains the latest approved information. Best regards, Project Management. Message reference: SAFE-0315.","Thank You for Your Feedback Hello, This message contains the agenda for our upcoming meeting. The attached summary contains the latest approved information. Best regards, Project Management. Message reference: SAFE-0315.",safe,0
safe-0341,events@community.example,Reminder: Upcoming Team Meeting,"Hello, The project team completed this week's planned activities. The attached summary contains the latest approved information. Sincerely, Customer Support. Message reference: SAFE-0341.","Reminder: Upcoming Team Meeting Hello, The project team completed this week's planned activities. The attached summary contains the latest approved information. Sincerely, Customer Support. Message reference: SAFE-0341.",safe,0
phishing-0168,security@unknown-bank-alert.com,Your Account Has Been Suspended,"Dear Customer, An unauthorized login attempt was detected. Validate your identity within 24 hours: http://secure-update.example/confirm-password. This request will expire within 24 hours. Reference ID: PH-0168.","Your Account Has Been Suspended Dear Customer, An unauthorized login attempt was detected. Validate your identity within 24 hours: http://secure-update.example/confirm-password. This request will expire within 24 hours. Reference ID: PH-0168.",phishing,1
phishing-0048,notice@tax-refund-review.com,Your Payment Was Declined,"Dear Customer, You have been selected to receive a limited reward. Update your payment information: http://refund-processing.example/verify. Ignoring this message may result in account closure. Reference ID: PH-0048.","Your Payment Was Declined Dear Customer, You have been selected to receive a limited reward. Update your payment information: http://refund-processing.example/verify. Ignoring this message may result in account closure. Reference ID: PH-0048.",phishing,1
safe-0062,newsletter@company.example,Reminder: Upcoming Team Meeting,"Hello, Your order has been processed and shipped. Please contact your manager if you have any questions. Sincerely, Customer Support. Message reference: SAFE-0062.","Reminder: Upcoming Team Meeting Hello, Your order has been processed and shipped. Please contact your manager if you have any questions. Sincerely, Customer Support. Message reference: SAFE-0062.",safe,0
phishing-0203,billing@payment-review-alert.com,Final Warning: Account Will Be Closed,"Dear Customer, You have been selected to receive a limited reward. Confirm your account information now: http://refund-processing.example/verify. Failure to respond may result in permanent suspension. Reference ID: PH-0203.","Final Warning: Account Will Be Closed Dear Customer, You have been selected to receive a limited reward. Confirm your account information now: http://refund-processing.example/verify. Failure to respond may result in permanent suspension. Reference ID: PH-0203.",phishing,1
safe-0005,newsletter@company.example,Employee Training Schedule,"Hello, Thank you for subscribing to our newsletter. We appreciate your continued participation. Regards, The Support Team. Message reference: SAFE-0005.","Employee Training Schedule Hello, Thank you for subscribing to our newsletter. We appreciate your continued participation. Regards, The Support Team. Message reference: SAFE-0005.",safe,0
phishing-0495,delivery@parcel-update-alert.com,Package Delivery Failed,"Dear Customer, Your recent payment could not be processed. Submit your banking information to receive the refund: http://mailbox-validation.example/signin. This is your final security warning. Reference ID: PH-0495.","Package Delivery Failed Dear Customer, Your recent payment could not be processed. Submit your banking information to receive the refund: http://mailbox-validation.example/signin. This is your final security warning. Reference ID: PH-0495.",phishing,1
phishing-0196,delivery@parcel-update-alert.com,Tax Refund Confirmation Required,"Dear Customer, Your identity information requires immediate verification. Update your payment information: http://192.168.1.10/login/verify-account. Act immediately to avoid interruption of service. Reference ID: PH-0196.","Tax Refund Confirmation Required Dear Customer, Your identity information requires immediate verification. Update your payment information: http://192.168.1.10/login/verify-account. Act immediately to avoid interruption of service. Reference ID: PH-0196.",phishing,1
safe-0098,orders@shop.example,Team Performance Summary,"Hello, Your monthly statement is now available for review. You can review the information from your normal account dashboard. Regards, Account Services. Message reference: SAFE-0098.","Team Performance Summary Hello, Your monthly statement is now available for review. You can review the information from your normal account dashboard. Regards, Account Services. Message reference: SAFE-0098.",safe,0
safe-0135,manager@company.example,Reminder: Upcoming Team Meeting,"Hello, Your monthly statement is now available for review. You may ignore this message if you have already completed the task. Best regards, Project Management. Message reference: SAFE-0135.","Reminder: Upcoming Team Meeting Hello, Your monthly statement is now available for review. You may ignore this message if you have already completed the task. Best regards, Project Management. Message reference: SAFE-0135.",safe,0
phishing-0230,service@urgent-account-check.com,URGENT: Verify Your Account Immediately,"Dear Customer, Your recent payment could not be processed. Update your payment information: http://mailbox-validation.example/signin. Failure to respond may result in permanent suspension. Reference ID: PH-0230.","URGENT: Verify Your Account Immediately Dear Customer, Your recent payment could not be processed. Update your payment information: http://mailbox-validation.example/signin. Failure to respond may result in permanent suspension. Reference ID: PH-0230.",phishing,1
safe-0494,updates@software.example,Monthly Subscription Receipt,"Hello, A new software update is available with performance improvements. Please contact your manager if you have any questions. Thank you, Human Resources. Message reference: SAFE-0494.","Monthly Subscription Receipt Hello, A new software update is available with performance improvements. Please contact your manager if you have any questions. Thank you, Human Resources. Message reference: SAFE-0494.",safe,0
phishing-0065,billing@payment-review-alert.com,Your Payment Was Declined,"Dear Customer, Your recent payment could not be processed. Validate your identity within 24 hours: http://reward-claim.example/winner. Ignoring this message may result in account closure. Reference ID: PH-0065.","Your Payment Was Declined Dear Customer, Your recent payment could not be processed. Validate your identity within 24 hours: http://reward-claim.example/winner. Ignoring this message may result in account closure. Reference ID: PH-0065.",phishing,1
phishing-0309,security@unknown-bank-alert.com,Final Warning: Account Will Be Closed,"Dear Customer, Your package cannot be delivered until your address is confirmed. Update your payment information: http://payment-review.example/billing. Ignoring this message may result in account closure. Reference ID: PH-0309.","Final Warning: Account Will Be Closed Dear Customer, Your package cannot be delivered until your address is confirmed. Update your payment information: http://payment-review.example/billing. Ignoring this message may result in account closure. Reference ID: PH-0309.",phishing,1
safe-0064,manager@company.example,Reminder: Upcoming Team Meeting,"Hello, Here is the latest update from our team. You can review the information from your normal account dashboard. Best regards, Project Management. Message reference: SAFE-0064.","Reminder: Upcoming Team Meeting Hello, Here is the latest update from our team. You can review the information from your normal account dashboard. Best regards, Project Management. Message reference: SAFE-0064.",safe,0
safe-0074,billing@subscription.example,Thank You for Your Feedback,"Hello, The project team completed this week's planned activities. Your existing password and account settings remain unchanged. Regards, The Support Team. Message reference: SAFE-0074.","Thank You for Your Feedback Hello, The project team completed this week's planned activities. Your existing password and account settings remain unchanged. Regards, The Support Team. Message reference: SAFE-0074.",safe,0
safe-0299,updates@software.example,Reminder: Upcoming Team Meeting,"Hello, Thank you for subscribing to our newsletter. You can review the information from your normal account dashboard. Sincerely, Customer Support. Message reference: SAFE-0299.","Reminder: Upcoming Team Meeting Hello, Thank you for subscribing to our newsletter. You can review the information from your normal account dashboard. Sincerely, Customer Support. Message reference: SAFE-0299.",safe,0
safe-0466,newsletter@company.example,Team Performance Summary,"Hello, A new software update is available with performance improvements. You can review the information from your normal account dashboard. Thanks, The Community Team. Message reference: SAFE-0466.","Team Performance Summary Hello, A new software update is available with performance improvements. You can review the information from your normal account dashboard. Thanks, The Community Team. Message reference: SAFE-0466.",safe,0
phishing-0409,rewards@claim-prize-now.net,Immediate Action Required,"Dear Customer, Your identity information requires immediate verification. Update your payment information: http://refund-processing.example/verify. This is your final security warning. Reference ID: PH-0409.","Immediate Action Required Dear Customer, Your identity information requires immediate verification. Update your payment information: http://refund-processing.example/verify. This is your final security warning. Reference ID: PH-0409.",phishing,1
phishing-0426,rewards@claim-prize-now.net,Your Mailbox Storage Is Full,"Dear Customer, Your package cannot be delivered until your address is confirmed. Validate your identity within 24 hours: http://mailbox-validation.example/signin. This request will expire within 24 hours. Reference ID: PH-0426.","Your Mailbox Storage Is Full Dear Customer, Your package cannot be delivered until your address is confirmed. Validate your identity within 24 hours: http://mailbox-validation.example/signin. This request will expire within 24 hours. Reference ID: PH-0426.",phishing,1
phishing-0169,helpdesk@password-confirmation.net,Your Account Has Been Suspended,"Dear Customer, Your identity information requires immediate verification. Sign in to prevent permanent account closure: http://delivery-confirmation.example/update. This request will expire within 24 hours. Reference ID: PH-0169.","Your Account Has Been Suspended Dear Customer, Your identity information requires immediate verification. Sign in to prevent permanent account closure: http://delivery-confirmation.example/update. This request will expire within 24 hours. Reference ID: PH-0169.",phishing,1
safe-0263,billing@subscription.example,Community Event Invitation,"Hello, The project team completed this week's planned activities. You can review the information from your normal account dashboard. Thank you, Human Resources. Message reference: SAFE-0263.","Community Event Invitation Hello, The project team completed this week's planned activities. You can review the information from your normal account dashboard. Thank you, Human Resources. Message reference: SAFE-0263.",safe,0
phishing-0123,rewards@claim-prize-now.net,Claim Your Reward Before It Expires,"Dear Customer, You have been selected to receive a limited reward. Unlock your account using the secure link: http://delivery-confirmation.example/update. This request will expire within 24 hours. Reference ID: PH-0123.","Claim Your Reward Before It Expires Dear Customer, You have been selected to receive a limited reward. Unlock your account using the secure link: http://delivery-confirmation.example/update. This request will expire within 24 hours. Reference ID: PH-0123.",phishing,1
safe-0367,manager@company.example,Meeting Agenda for Tomorrow,"Hello, A new software update is available with performance improvements. Your existing password and account settings remain unchanged. Regards, The Support Team. Message reference: SAFE-0367.","Meeting Agenda for Tomorrow Hello, A new software update is available with performance improvements. Your existing password and account settings remain unchanged. Regards, The Support Team. Message reference: SAFE-0367.",safe,0
phishing-0344,notice@tax-refund-review.com,Immediate Action Required,"Dear Customer, We detected suspicious activity on your account. Unlock your account using the secure link: http://reward-claim.example/winner. This request will expire within 24 hours. Reference ID: PH-0344.","Immediate Action Required Dear Customer, We detected suspicious activity on your account. Unlock your account using the secure link: http://reward-claim.example/winner. This request will expire within 24 hours. Reference ID: PH-0344.",phishing,1
safe-0097,updates@software.example,Team Performance Summary,"Hello, Here is the latest update from our team. No action is required at this time. Thanks, The Community Team. Message reference: SAFE-0097.","Team Performance Summary Hello, Here is the latest update from our team. No action is required at this time. Thanks, The Community Team. Message reference: SAFE-0097.",safe,0
phishing-0066,notice@tax-refund-review.com,Confirm Your Banking Information,"Dear Customer, Your package cannot be delivered until your address is confirmed. Submit your banking information to receive the refund: http://delivery-confirmation.example/update. Act immediately to avoid interruption of service. Reference ID: PH-0066.","Confirm Your Banking Information Dear Customer, Your package cannot be delivered until your address is confirmed. Submit your banking information to receive the refund: http://delivery-confirmation.example/update. Act immediately to avoid interruption of service. Reference ID: PH-0066.",phishing,1
phishing-0155,service@urgent-account-check.com,URGENT: Verify Your Account Immediately,"Dear Customer, Your package cannot be delivered until your address is confirmed. Validate your identity within 24 hours: http://account-security-check.example/login. Act immediately to avoid interruption of service. Reference ID: PH-0155.","URGENT: Verify Your Account Immediately Dear Customer, Your package cannot be delivered until your address is confirmed. Validate your identity within 24 hours: http://account-security-check.example/login. Act immediately to avoid interruption of service. Reference ID: PH-0155.",phishing,1
safe-0417,newsletter@company.example,Community Event Invitation,"Hello, Your monthly statement is now available for review. No action is required at this time. Thank you, Human Resources. Message reference: SAFE-0417.","Community Event Invitation Hello, Your monthly statement is now available for review. No action is required at this time. Thank you, Human Resources. Message reference: SAFE-0417.",safe,0
phishing-0187,service@urgent-account-check.com,Package Delivery Failed,"Dear Customer, Your package cannot be delivered until your address is confirmed. Validate your identity within 24 hours: http://refund-processing.example/verify. This request will expire within 24 hours. Reference ID: PH-0187.","Package Delivery Failed Dear Customer, Your package cannot be delivered until your address is confirmed. Validate your identity within 24 hours: http://refund-processing.example/verify. This request will expire within 24 hours. Reference ID: PH-0187.",phishing,1
phishing-0055,service@urgent-account-check.com,Your Payment Was Declined,"Dear Customer, Your identity information requires immediate verification. Unlock your account using the secure link: http://delivery-confirmation.example/update. Failure to respond may result in permanent suspension. Reference ID: PH-0055.","Your Payment Was Declined Dear Customer, Your identity information requires immediate verification. Unlock your account using the secure link: http://delivery-confirmation.example/update. Failure to respond may result in permanent suspension. Reference ID: PH-0055.",phishing,1
phishing-0450,service@urgent-account-check.com,Package Delivery Failed,"Dear Customer, Your identity information requires immediate verification. Confirm your delivery address: http://192.168.1.10/login/verify-account. Ignoring this message may result in account closure. Reference ID: PH-0450.","Package Delivery Failed Dear Customer, Your identity information requires immediate verification. Confirm your delivery address: http://192.168.1.10/login/verify-account. Ignoring this message may result in account closure. Reference ID: PH-0450.",phishing,1
phishing-0320,support@account-verification.net,Package Delivery Failed,"Dear Customer, Your account has temporarily been suspended. Confirm your delivery address: http://refund-processing.example/verify. Failure to respond may result in permanent suspension. Reference ID: PH-0320.","Package Delivery Failed Dear Customer, Your account has temporarily been suspended. Confirm your delivery address: http://refund-processing.example/verify. Failure to respond may result in permanent suspension. Reference ID: PH-0320.",phishing,1
phishing-0488,helpdesk@password-confirmation.net,Package Delivery Failed,"Dear Customer, An unauthorized login attempt was detected. Confirm your account information now: http://192.168.1.10/login/verify-account. Ignoring this message may result in account closure. Reference ID: PH-0488.","Package Delivery Failed Dear Customer, An unauthorized login attempt was detected. Confirm your account information now: http://192.168.1.10/login/verify-account. Ignoring this message may result in account closure. Reference ID: PH-0488.",phishing,1
phishing-0109,notice@tax-refund-review.com,Unusual Login Attempt Detected,"Dear Customer, An unauthorized login attempt was detected. Confirm your account information now: http://192.168.1.10/login/verify-account. This request will expire within 24 hours. Reference ID: PH-0109.","Unusual Login Attempt Detected Dear Customer, An unauthorized login attempt was detected. Confirm your account information now: http://192.168.1.10/login/verify-account. This request will expire within 24 hours. Reference ID: PH-0109.",phishing,1
safe-0217,team@project.example,Thank You for Your Feedback,"Hello, Thank you for subscribing to our newsletter. The meeting will take place during normal business hours. Thank you, Human Resources. Message reference: SAFE-0217.","Thank You for Your Feedback Hello, Thank you for subscribing to our newsletter. The meeting will take place during normal business hours. Thank you, Human Resources. Message reference: SAFE-0217.",safe,0
safe-0112,manager@company.example,Thank You for Your Feedback,"Hello, This is a reminder about the scheduled team meeting. You can review the information from your normal account dashboard. Regards, The Support Team. Message reference: SAFE-0112.","Thank You for Your Feedback Hello, This is a reminder about the scheduled team meeting. You can review the information from your normal account dashboard. Regards, The Support Team. Message reference: SAFE-0112.",safe,0
safe-0011,manager@company.example,Monthly Subscription Receipt,"Hello, The project team completed this week's planned activities. No action is required at this time. Regards, Account Services. Message reference: SAFE-0011.","Monthly Subscription Receipt Hello, The project team completed this week's planned activities. No action is required at this time. Regards, Account Services. Message reference: SAFE-0011.",safe,0
phishing-0158,delivery@parcel-update-alert.com,Confirm Your Banking Information,"Dear Customer, You have been selected to receive a limited reward. Verify your password and OTP immediately: http://reward-claim.example/winner. This is your final security warning. Reference ID: PH-0158.","Confirm Your Banking Information Dear Customer, You have been selected to receive a limited reward. Verify your password and OTP immediately: http://reward-claim.example/winner. This is your final security warning. Reference ID: PH-0158.",phishing,1
safe-0115,hr@company.example,Your Order Has Been Shipped,"Hello, A new software update is available with performance improvements. You may ignore this message if you have already completed the task. Regards, Account Services. Message reference: SAFE-0115.","Your Order Has Been Shipped Hello, A new software update is available with performance improvements. You may ignore this message if you have already completed the task. Regards, Account Services. Message reference: SAFE-0115.",safe,0
phishing-0085,delivery@parcel-update-alert.com,Package Delivery Failed,"Dear Customer, An unauthorized login attempt was detected. Unlock your account using the secure link: http://payment-review.example/billing. This is your final security warning. Reference ID: PH-0085.","Package Delivery Failed Dear Customer, An unauthorized login attempt was detected. Unlock your account using the secure link: http://payment-review.example/billing. This is your final security warning. Reference ID: PH-0085.",phishing,1
phishing-0474,admin@secure-login-update.com,Unusual Login Attempt Detected,"Dear Customer, We detected suspicious activity on your account. Submit your banking information to receive the refund: http://refund-processing.example/verify. This is your final security warning. Reference ID: PH-0474.","Unusual Login Attempt Detected Dear Customer, We detected suspicious activity on your account. Submit your banking information to receive the refund: http://refund-processing.example/verify. This is your final security warning. Reference ID: PH-0474.",phishing,1
phishing-0419,billing@payment-review-alert.com,Your Payment Was Declined,"Dear Customer, An unauthorized login attempt was detected. Update your payment information: http://delivery-confirmation.example/update. This request will expire within 24 hours. Reference ID: PH-0419.","Your Payment Was Declined Dear Customer, An unauthorized login attempt was detected. Update your payment information: http://delivery-confirmation.example/update. This request will expire within 24 hours. Reference ID: PH-0419.",phishing,1
phishing-0427,notice@tax-refund-review.com,Package Delivery Failed,"Dear Customer, You have been selected to receive a limited reward. Validate your identity within 24 hours: http://delivery-confirmation.example/update. This is your final security warning. Reference ID: PH-0427.","Package Delivery Failed Dear Customer, You have been selected to receive a limited reward. Validate your identity within 24 hours: http://delivery-confirmation.example/update. This is your final security warning. Reference ID: PH-0427.",phishing,1
phishing-0430,support@account-verification.net,Unusual Login Attempt Detected,"Dear Customer, Your recent payment could not be processed. Confirm your delivery address: http://account-security-check.example/login. This is your final security warning. Reference ID: PH-0430.","Unusual Login Attempt Detected Dear Customer, Your recent payment could not be processed. Confirm your delivery address: http://account-security-check.example/login. This is your final security warning. Reference ID: PH-0430.",phishing,1
phishing-0316,service@urgent-account-check.com,Security Alert: Password Confirmation Required,"Dear Customer, Your account has temporarily been suspended. Confirm your delivery address: http://refund-processing.example/verify. Failure to respond may result in permanent suspension. Reference ID: PH-0316.","Security Alert: Password Confirmation Required Dear Customer, Your account has temporarily been suspended. Confirm your delivery address: http://refund-processing.example/verify. Failure to respond may result in permanent suspension. Reference ID: PH-0316.",phishing,1
phishing-0334,admin@secure-login-update.com,Unusual Login Attempt Detected,"Dear Customer, You have been selected to receive a limited reward. Confirm your delivery address: http://delivery-confirmation.example/update. Ignoring this message may result in account closure. Reference ID: PH-0334.","Unusual Login Attempt Detected Dear Customer, You have been selected to receive a limited reward. Confirm your delivery address: http://delivery-confirmation.example/update. Ignoring this message may result in account closure. Reference ID: PH-0334.",phishing,1
safe-0342,events@community.example,Monthly Subscription Receipt,"Hello, The project team completed this week's planned activities. We appreciate your continued participation. Regards, Account Services. Message reference: SAFE-0342.","Monthly Subscription Receipt Hello, The project team completed this week's planned activities. We appreciate your continued participation. Regards, Account Services. Message reference: SAFE-0342.",safe,0
phishing-0018,support@account-verification.net,Final Warning: Account Will Be Closed,"Dear Customer, We detected suspicious activity on your account. Sign in to prevent permanent account closure: http://account-security-check.example/login. Failure to respond may result in permanent suspension. Reference ID: PH-0018.","Final Warning: Account Will Be Closed Dear Customer, We detected suspicious activity on your account. Sign in to prevent permanent account closure: http://account-security-check.example/login. Failure to respond may result in permanent suspension. Reference ID: PH-0018.",phishing,1
safe-0258,manager@company.example,Reminder: Upcoming Team Meeting,"Hello, Your monthly statement is now available for review. You can review the information from your normal account dashboard. Thanks, The Community Team. Message reference: SAFE-0258.","Reminder: Upcoming Team Meeting Hello, Your monthly statement is now available for review. You can review the information from your normal account dashboard. Thanks, The Community Team. Message reference: SAFE-0258.",safe,0
safe-0086,orders@shop.example,Community Event Invitation,"Hello, This is a reminder about the scheduled team meeting. Please contact your manager if you have any questions. Sincerely, Customer Support. Message reference: SAFE-0086.","Community Event Invitation Hello, This is a reminder about the scheduled team meeting. Please contact your manager if you have any questions. Sincerely, Customer Support. Message reference: SAFE-0086.",safe,0
phishing-0179,delivery@parcel-update-alert.com,Package Delivery Failed,"Dear Customer, Your identity information requires immediate verification. Confirm your account information now: http://secure-update.example/confirm-password. Failure to respond may result in permanent suspension. Reference ID: PH-0179.","Package Delivery Failed Dear Customer, Your identity information requires immediate verification. Confirm your account information now: http://secure-update.example/confirm-password. Failure to respond may result in permanent suspension. Reference ID: PH-0179.",phishing,1
phishing-0149,security@cloud-storage-warning.net,Claim Your Reward Before It Expires,"Dear Customer, Your account has temporarily been suspended. Confirm your account information now: http://refund-processing.example/verify. This is your final security warning. Reference ID: PH-0149.","Claim Your Reward Before It Expires Dear Customer, Your account has temporarily been suspended. Confirm your account information now: http://refund-processing.example/verify. This is your final security warning. Reference ID: PH-0149.",phishing,1
phishing-0191,security@cloud-storage-warning.net,Final Warning: Account Will Be Closed,"Dear Customer, Your recent payment could not be processed. Sign in to prevent permanent account closure: http://192.168.1.10/login/verify-account. This is your final security warning. Reference ID: PH-0191.","Final Warning: Account Will Be Closed Dear Customer, Your recent payment could not be processed. Sign in to prevent permanent account closure: http://192.168.1.10/login/verify-account. This is your final security warning. Reference ID: PH-0191.",phishing,1
safe-0110,hr@company.example,Thank You for Your Feedback,"Hello, This message contains the agenda for our upcoming meeting. Your existing password and account settings remain unchanged. Sincerely, Customer Support. Message reference: SAFE-0110.","Thank You for Your Feedback Hello, This message contains the agenda for our upcoming meeting. Your existing password and account settings remain unchanged. Sincerely, Customer Support. Message reference: SAFE-0110.",safe,0
safe-0359,orders@shop.example,Meeting Agenda for Tomorrow,"Hello, The project team completed this week's planned activities. You can review the information from your normal account dashboard. Regards, The Support Team. Message reference: SAFE-0359.","Meeting Agenda for Tomorrow Hello, The project team completed this week's planned activities. You can review the information from your normal account dashboard. Regards, The Support Team. Message reference: SAFE-0359.",safe,0
safe-0108,orders@shop.example,Weekly Project Update,"Hello, The project team completed this week's planned activities. Please contact your manager if you have any questions. Thank you, Human Resources. Message reference: SAFE-0108.","Weekly Project Update Hello, The project team completed this week's planned activities. Please contact your manager if you have any questions. Thank you, Human Resources. Message reference: SAFE-0108.",safe,0
safe-0216,notifications@calendar.example,Welcome to Our Newsletter,"Hello, This is a reminder about the scheduled team meeting. The attached summary contains the latest approved information. Best regards, Project Management. Message reference: SAFE-0216.","Welcome to Our Newsletter Hello, This is a reminder about the scheduled team meeting. The attached summary contains the latest approved information. Best regards, Project Management. Message reference: SAFE-0216.",safe,0
phishing-0072,rewards@claim-prize-now.net,Claim Your Reward Before It Expires,"Dear Customer, You have been selected to receive a limited reward. Validate your identity within 24 hours: http://mailbox-validation.example/signin. Act immediately to avoid interruption of service. Reference ID: PH-0072.","Claim Your Reward Before It Expires Dear Customer, You have been selected to receive a limited reward. Validate your identity within 24 hours: http://mailbox-validation.example/signin. Act immediately to avoid interruption of service. Reference ID: PH-0072.",phishing,1
phishing-0025,security@unknown-bank-alert.com,Your Mailbox Storage Is Full,"Dear Customer, You have been selected to receive a limited reward. Update your payment information: http://192.168.1.10/login/verify-account. This is your final security warning. Reference ID: PH-0025.","Your Mailbox Storage Is Full Dear Customer, You have been selected to receive a limited reward. Update your payment information: http://192.168.1.10/login/verify-account. This is your final security warning. Reference ID: PH-0025.",phishing,1
safe-0431,newsletter@company.example,Welcome to Our Newsletter,"Hello, The project team completed this week's planned activities. The attached summary contains the latest approved information. Regards, The Support Team. Message reference: SAFE-0431.","Welcome to Our Newsletter Hello, The project team completed this week's planned activities. The attached summary contains the latest approved information. Regards, The Support Team. Message reference: SAFE-0431.",safe,0
phishing-0292,security@unknown-bank-alert.com,Tax Refund Confirmation Required,"Dear Customer, Your mailbox will be disabled because it has exceeded its storage limit. Validate your identity within 24 hours: http://account-security-check.example/login. This request will expire within 24 hours. Reference ID: PH-0292.","Tax Refund Confirmation Required Dear Customer, Your mailbox will be disabled because it has exceeded its storage limit. Validate your identity within 24 hours: http://account-security-check.example/login. This request will expire within 24 hours. Reference ID: PH-0292.",phishing,1
safe-0193,orders@shop.example,Welcome to Our Newsletter,"Hello, Here is the latest update from our team. Please contact your manager if you have any questions. Sincerely, Customer Support. Message reference: SAFE-0193.","Welcome to Our Newsletter Hello, Here is the latest update from our team. Please contact your manager if you have any questions. Sincerely, Customer Support. Message reference: SAFE-0193.",safe,0
safe-0311,support@trusted-service.example,Community Event Invitation,"Hello, Your monthly statement is now available for review. You can review the information from your normal account dashboard. Thanks, The Community Team. Message reference: SAFE-0311.","Community Event Invitation Hello, Your monthly statement is now available for review. You can review the information from your normal account dashboard. Thanks, The Community Team. Message reference: SAFE-0311.",safe,0
safe-0292,notifications@calendar.example,Welcome to Our Newsletter,"Hello, A new software update is available with performance improvements. Your existing password and account settings remain unchanged. Regards, The Support Team. Message reference: SAFE-0292.","Welcome to Our Newsletter Hello, A new software update is available with performance improvements. Your existing password and account settings remain unchanged. Regards, The Support Team. Message reference: SAFE-0292.",safe,0
safe-0402,manager@company.example,Employee Training Schedule,"Hello, This message contains the agenda for our upcoming meeting. We appreciate your continued participation. Regards, Account Services. Message reference: SAFE-0402.","Employee Training Schedule Hello, This message contains the agenda for our upcoming meeting. We appreciate your continued participation. Regards, Account Services. Message reference: SAFE-0402.",safe,0
safe-0206,hr@company.example,Employee Training Schedule,"Hello, Your monthly statement is now available for review. You may ignore this message if you have already completed the task. Regards, The Support Team. Message reference: SAFE-0206.","Employee Training Schedule Hello, Your monthly statement is now available for review. You may ignore this message if you have already completed the task. Regards, The Support Team. Message reference: SAFE-0206.",safe,0
safe-0277,team@project.example,Reminder: Upcoming Team Meeting,"Hello, A new software update is available with performance improvements. You can review the information from your normal account dashboard. Thank you, Human Resources. Message reference: SAFE-0277.","Reminder: Upcoming Team Meeting Hello, A new software update is available with performance improvements. You can review the information from your normal account dashboard. Thank you, Human Resources. Message reference: SAFE-0277.",safe,0
phishing-0248,admin@secure-login-update.com,Confirm Your Banking Information,"Dear Customer, Your identity information requires immediate verification. Confirm your delivery address: http://refund-processing.example/verify. This request will expire within 24 hours. Reference ID: PH-0248.","Confirm Your Banking Information Dear Customer, Your identity information requires immediate verification. Confirm your delivery address: http://refund-processing.example/verify. This request will expire within 24 hours. Reference ID: PH-0248.",phishing,1
safe-0242,newsletter@company.example,Thank You for Your Feedback,"Hello, This is a reminder about the scheduled team meeting. The attached summary contains the latest approved information. Sincerely, Customer Support. Message reference: SAFE-0242.","Thank You for Your Feedback Hello, This is a reminder about the scheduled team meeting. The attached summary contains the latest approved information. Sincerely, Customer Support. Message reference: SAFE-0242.",safe,0
safe-0187,team@project.example,Team Performance Summary,"Hello, The project team completed this week's planned activities. The attached summary contains the latest approved information. Best regards, Project Management. Message reference: SAFE-0187.","Team Performance Summary Hello, The project team completed this week's planned activities. The attached summary contains the latest approved information. Best regards, Project Management. Message reference: SAFE-0187.",safe,0
safe-0428,team@project.example,Monthly Subscription Receipt,"Hello, A new software update is available with performance improvements. You may ignore this message if you have already completed the task. Thanks, The Community Team. Message reference: SAFE-0428.","Monthly Subscription Receipt Hello, A new software update is available with performance improvements. You may ignore this message if you have already completed the task. Thanks, The Community Team. Message reference: SAFE-0428.",safe,0
safe-0471,manager@company.example,Thank You for Your Feedback,"Hello, Your monthly statement is now available for review. You may ignore this message if you have already completed the task. Regards, The Support Team. Message reference: SAFE-0471.","Thank You for Your Feedback Hello, Your monthly statement is now available for review. You may ignore this message if you have already completed the task. Regards, The Support Team. Message reference: SAFE-0471.",safe,0
safe-0239,billing@subscription.example,Weekly Project Update,"Hello, A new software update is available with performance improvements. You may ignore this message if you have already completed the task. Thanks, The Community Team. Message reference: SAFE-0239.","Weekly Project Update Hello, A new software update is available with performance improvements. You may ignore this message if you have already completed the task. Thanks, The Community Team. Message reference: SAFE-0239.",safe,0
safe-0378,support@trusted-service.example,Thank You for Your Feedback,"Hello, Your monthly statement is now available for review. You can review the information from your normal account dashboard. Sincerely, Customer Support. Message reference: SAFE-0378.","Thank You for Your Feedback Hello, Your monthly statement is now available for review. You can review the information from your normal account dashboard. Sincerely, Customer Support. Message reference: SAFE-0378.",safe,0
safe-0168,events@community.example,Thank You for Your Feedback,"Hello, Thank you for subscribing to our newsletter. You may ignore this message if you have already completed the task. Thanks, The Community Team. Message reference: SAFE-0168.","Thank You for Your Feedback Hello, Thank you for subscribing to our newsletter. You may ignore this message if you have already completed the task. Thanks, The Community Team. Message reference: SAFE-0168.",safe,0
phishing-0408,security@unknown-bank-alert.com,Your Mailbox Storage Is Full,"Dear Customer, Your mailbox will be disabled because it has exceeded its storage limit. Sign in to prevent permanent account closure: http://192.168.1.10/login/verify-account. This is your final security warning. Reference ID: PH-0408.","Your Mailbox Storage Is Full Dear Customer, Your mailbox will be disabled because it has exceeded its storage limit. Sign in to prevent permanent account closure: http://192.168.1.10/login/verify-account. This is your final security warning. Reference ID: PH-0408.",phishing,1
phishing-0467,delivery@parcel-update-alert.com,Security Alert: Password Confirmation Required,"Dear Customer, Your recent payment could not be processed. Validate your identity within 24 hours: http://mailbox-validation.example/signin. Failure to respond may result in permanent suspension. Reference ID: PH-0467.","Security Alert: Password Confirmation Required Dear Customer, Your recent payment could not be processed. Validate your identity within 24 hours: http://mailbox-validation.example/signin. Failure to respond may result in permanent suspension. Reference ID: PH-0467.",phishing,1
safe-0209,hr@company.example,Community Event Invitation,"Hello, Here is the latest update from our team. Your existing password and account settings remain unchanged. Thanks, The Community Team. Message reference: SAFE-0209.","Community Event Invitation Hello, Here is the latest update from our team. Your existing password and account settings remain unchanged. Thanks, The Community Team. Message reference: SAFE-0209.",safe,0
safe-0111,newsletter@company.example,Thank You for Your Feedback,"Hello, The project team completed this week's planned activities. Your existing password and account settings remain unchanged. Regards, Account Services. Message reference: SAFE-0111.","Thank You for Your Feedback Hello, The project team completed this week's planned activities. Your existing password and account settings remain unchanged. Regards, Account Services. Message reference: SAFE-0111.",safe,0
phishing-0204,security@unknown-bank-alert.com,Package Delivery Failed,"Dear Customer, You have been selected to receive a limited reward. Validate your identity within 24 hours: http://192.168.1.10/login/verify-account. Ignoring this message may result in account closure. Reference ID: PH-0204.","Package Delivery Failed Dear Customer, You have been selected to receive a limited reward. Validate your identity within 24 hours: http://192.168.1.10/login/verify-account. Ignoring this message may result in account closure. Reference ID: PH-0204.",phishing,1
safe-0190,notifications@calendar.example,Team Performance Summary,"Hello, The project team completed this week's planned activities. Please contact your manager if you have any questions. Regards, The Support Team. Message reference: SAFE-0190.","Team Performance Summary Hello, The project team completed this week's planned activities. Please contact your manager if you have any questions. Regards, The Support Team. Message reference: SAFE-0190.",safe,0
phishing-0015,billing@payment-review-alert.com,Your Mailbox Storage Is Full,"Dear Customer, Your account has temporarily been suspended. Confirm your account information now: http://refund-processing.example/verify. Failure to respond may result in permanent suspension. Reference ID: PH-0015.","Your Mailbox Storage Is Full Dear Customer, Your account has temporarily been suspended. Confirm your account information now: http://refund-processing.example/verify. Failure to respond may result in permanent suspension. Reference ID: PH-0015.",phishing,1
safe-0409,notifications@calendar.example,Meeting Agenda for Tomorrow,"Hello, A new software update is available with performance improvements. You may ignore this message if you have already completed the task. Thanks, The Community Team. Message reference: SAFE-0409.","Meeting Agenda for Tomorrow Hello, A new software update is available with performance improvements. You may ignore this message if you have already completed the task. Thanks, The Community Team. Message reference: SAFE-0409.",safe,0
phishing-0106,support@account-verification.net,Tax Refund Confirmation Required,"Dear Customer, Your package cannot be delivered until your address is confirmed. Confirm your delivery address: http://192.168.1.10/login/verify-account. Ignoring this message may result in account closure. Reference ID: PH-0106.","Tax Refund Confirmation Required Dear Customer, Your package cannot be delivered until your address is confirmed. Confirm your delivery address: http://192.168.1.10/login/verify-account. Ignoring this message may result in account closure. Reference ID: PH-0106.",phishing,1
safe-0072,orders@shop.example,Community Event Invitation,"Hello, Here is the latest update from our team. You can review the information from your normal account dashboard. Thank you, Human Resources. Message reference: SAFE-0072.","Community Event Invitation Hello, Here is the latest update from our team. You can review the information from your normal account dashboard. Thank you, Human Resources. Message reference: SAFE-0072.",safe,0
phishing-0091,notice@tax-refund-review.com,Your Payment Was Declined,"Dear Customer, Your package cannot be delivered until your address is confirmed. Submit your banking information to receive the refund: http://192.168.1.10/login/verify-account. This is your final security warning. Reference ID: PH-0091.","Your Payment Was Declined Dear Customer, Your package cannot be delivered until your address is confirmed. Submit your banking information to receive the refund: http://192.168.1.10/login/verify-account. This is your final security warning. Reference ID: PH-0091.",phishing,1
safe-0138,support@trusted-service.example,Employee Training Schedule,"Hello, This message contains the agenda for our upcoming meeting. The meeting will take place during normal business hours. Thanks, The Community Team. Message reference: SAFE-0138.","Employee Training Schedule Hello, This message contains the agenda for our upcoming meeting. The meeting will take place during normal business hours. Thanks, The Community Team. Message reference: SAFE-0138.",safe,0
safe-0007,manager@company.example,Software Update Release Notes,"Hello, The project team completed this week's planned activities. The attached summary contains the latest approved information. Regards, Account Services. Message reference: SAFE-0007.","Software Update Release Notes Hello, The project team completed this week's planned activities. The attached summary contains the latest approved information. Regards, Account Services. Message reference: SAFE-0007.",safe,0
phishing-0411,security@unknown-bank-alert.com,Immediate Action Required,"Dear Customer, You have been selected to receive a limited reward. Sign in to prevent permanent account closure: http://account-security-check.example/login. Act immediately to avoid interruption of service. Reference ID: PH-0411.","Immediate Action Required Dear Customer, You have been selected to receive a limited reward. Sign in to prevent permanent account closure: http://account-security-check.example/login. Act immediately to avoid interruption of service. Reference ID: PH-0411.",phishing,1
phishing-0331,support@account-verification.net,Unusual Login Attempt Detected,"Dear Customer, Your package cannot be delivered until your address is confirmed. Unlock your account using the secure link: http://delivery-confirmation.example/update. Ignoring this message may result in account closure. Reference ID: PH-0331.","Unusual Login Attempt Detected Dear Customer, Your package cannot be delivered until your address is confirmed. Unlock your account using the secure link: http://delivery-confirmation.example/update. Ignoring this message may result in account closure. Reference ID: PH-0331.",phishing,1
safe-0460,updates@software.example,Team Performance Summary,"Hello, Thank you for subscribing to our newsletter. No action is required at this time. Thanks, The Community Team. Message reference: SAFE-0460.","Team Performance Summary Hello, Thank you for subscribing to our newsletter. No action is required at this time. Thanks, The Community Team. Message reference: SAFE-0460.",safe,0
phishing-0324,support@account-verification.net,Unusual Login Attempt Detected,"Dear Customer, Your mailbox will be disabled because it has exceeded its storage limit. Submit your banking information to receive the refund: http://refund-processing.example/verify. Act immediately to avoid interruption of service. Reference ID: PH-0324.","Unusual Login Attempt Detected Dear Customer, Your mailbox will be disabled because it has exceeded its storage limit. Submit your banking information to receive the refund: http://refund-processing.example/verify. Act immediately to avoid interruption of service. Reference ID: PH-0324.",phishing,1
safe-0140,orders@shop.example,Your Monthly Account Statement,"Hello, A new software update is available with performance improvements. Please contact your manager if you have any questions. Thank you, Human Resources. Message reference: SAFE-0140.","Your Monthly Account Statement Hello, A new software update is available with performance improvements. Please contact your manager if you have any questions. Thank you, Human Resources. Message reference: SAFE-0140.",safe,0
phishing-0076,support@account-verification.net,URGENT: Verify Your Account Immediately,"Dear Customer, An unauthorized login attempt was detected. Validate your identity within 24 hours: http://delivery-confirmation.example/update. Ignoring this message may result in account closure. Reference ID: PH-0076.","URGENT: Verify Your Account Immediately Dear Customer, An unauthorized login attempt was detected. Validate your identity within 24 hours: http://delivery-confirmation.example/update. Ignoring this message may result in account closure. Reference ID: PH-0076.",phishing,1
safe-0218,events@community.example,Team Performance Summary,"Hello, The project team completed this week's planned activities. You may ignore this message if you have already completed the task. Thanks, The Community Team. Message reference: SAFE-0218.","Team Performance Summary Hello, The project team completed this week's planned activities. You may ignore this message if you have already completed the task. Thanks, The Community Team. Message reference: SAFE-0218.",safe,0
phishing-0307,security@unknown-bank-alert.com,Claim Your Reward Before It Expires,"Dear Customer, Your package cannot be delivered until your address is confirmed. Sign in to prevent permanent account closure: http://secure-update.example/confirm-password. Failure to respond may result in permanent suspension. Reference ID: PH-0307.","Claim Your Reward Before It Expires Dear Customer, Your package cannot be delivered until your address is confirmed. Sign in to prevent permanent account closure: http://secure-update.example/confirm-password. Failure to respond may result in permanent suspension. Reference ID: PH-0307.",phishing,1
phishing-0003,security@cloud-storage-warning.net,Unusual Login Attempt Detected,"Dear Customer, We detected suspicious activity on your account. Update your payment information: http://mailbox-validation.example/signin. Act immediately to avoid interruption of service. Reference ID: PH-0003.","Unusual Login Attempt Detected Dear Customer, We detected suspicious activity on your account. Update your payment information: http://mailbox-validation.example/signin. Act immediately to avoid interruption of service. Reference ID: PH-0003.",phishing,1
safe-0023,updates@software.example,Team Performance Summary,"Hello, This is a reminder about the scheduled team meeting. We appreciate your continued participation. Sincerely, Customer Support. Message reference: SAFE-0023.","Team Performance Summary Hello, This is a reminder about the scheduled team meeting. We appreciate your continued participation. Sincerely, Customer Support. Message reference: SAFE-0023.",safe,0
phishing-0089,security@cloud-storage-warning.net,Confirm Your Banking Information,"Dear Customer, Your account has temporarily been suspended. Submit your banking information to receive the refund: http://account-security-check.example/login. This is your final security warning. Reference ID: PH-0089.","Confirm Your Banking Information Dear Customer, Your account has temporarily been suspended. Submit your banking information to receive the refund: http://account-security-check.example/login. This is your final security warning. Reference ID: PH-0089.",phishing,1
safe-0226,updates@software.example,Meeting Agenda for Tomorrow,"Hello, Your order has been processed and shipped. The meeting will take place during normal business hours. Sincerely, Customer Support. Message reference: SAFE-0226.","Meeting Agenda for Tomorrow Hello, Your order has been processed and shipped. The meeting will take place during normal business hours. Sincerely, Customer Support. Message reference: SAFE-0226.",safe,0
phishing-0425,billing@payment-review-alert.com,Final Warning: Account Will Be Closed,"Dear Customer, Your package cannot be delivered until your address is confirmed. Unlock your account using the secure link: http://reward-claim.example/winner. Failure to respond may result in permanent suspension. Reference ID: PH-0425.","Final Warning: Account Will Be Closed Dear Customer, Your package cannot be delivered until your address is confirmed. Unlock your account using the secure link: http://reward-claim.example/winner. Failure to respond may result in permanent suspension. Reference ID: PH-0425.",phishing,1
safe-0346,support@trusted-service.example,Thank You for Your Feedback,"Hello, The project team completed this week's planned activities. Please contact your manager if you have any questions. Regards, Account Services. Message reference: SAFE-0346.","Thank You for Your Feedback Hello, The project team completed this week's planned activities. Please contact your manager if you have any questions. Regards, Account Services. Message reference: SAFE-0346.",safe,0
phishing-0082,delivery@parcel-update-alert.com,URGENT: Verify Your Account Immediately,"Dear Customer, Your recent payment could not be processed. Validate your identity within 24 hours: http://secure-update.example/confirm-password. Act immediately to avoid interruption of service. Reference ID: PH-0082.","URGENT: Verify Your Account Immediately Dear Customer, Your recent payment could not be processed. Validate your identity within 24 hours: http://secure-update.example/confirm-password. Act immediately to avoid interruption of service. Reference ID: PH-0082.",phishing,1
phishing-0207,admin@secure-login-update.com,Package Delivery Failed,"Dear Customer, Your mailbox will be disabled because it has exceeded its storage limit. Update your payment information: http://payment-review.example/billing. Failure to respond may result in permanent suspension. Reference ID: PH-0207.","Package Delivery Failed Dear Customer, Your mailbox will be disabled because it has exceeded its storage limit. Update your payment information: http://payment-review.example/billing. Failure to respond may result in permanent suspension. Reference ID: PH-0207.",phishing,1
phishing-0051,security@unknown-bank-alert.com,Immediate Action Required,"Dear Customer, Your mailbox will be disabled because it has exceeded its storage limit. Unlock your account using the secure link: http://192.168.1.10/login/verify-account. This is your final security warning. Reference ID: PH-0051.","Immediate Action Required Dear Customer, Your mailbox will be disabled because it has exceeded its storage limit. Unlock your account using the secure link: http://192.168.1.10/login/verify-account. This is your final security warning. Reference ID: PH-0051.",phishing,1
safe-0240,support@trusted-service.example,Team Performance Summary,"Hello, Your order has been processed and shipped. The attached summary contains the latest approved information. Sincerely, Customer Support. Message reference: SAFE-0240.","Team Performance Summary Hello, Your order has been processed and shipped. The attached summary contains the latest approved information. Sincerely, Customer Support. Message reference: SAFE-0240.",safe,0
safe-0100,manager@company.example,Team Performance Summary,"Hello, Your order has been processed and shipped. You can review the information from your normal account dashboard. Sincerely, Customer Support. Message reference: SAFE-0100.","Team Performance Summary Hello, Your order has been processed and shipped. You can review the information from your normal account dashboard. Sincerely, Customer Support. Message reference: SAFE-0100.",safe,0
phishing-0432,security@cloud-storage-warning.net,Package Delivery Failed,"Dear Customer, Your recent payment could not be processed. Update your payment information: http://192.168.1.10/login/verify-account. Act immediately to avoid interruption of service. Reference ID: PH-0432.","Package Delivery Failed Dear Customer, Your recent payment could not be processed. Update your payment information: http://192.168.1.10/login/verify-account. Act immediately to avoid interruption of service. Reference ID: PH-0432.",phishing,1
safe-0254,orders@shop.example,Your Monthly Account Statement,"Hello, The project team completed this week's planned activities. You can review the information from your normal account dashboard. Regards, Account Services. Message reference: SAFE-0254.","Your Monthly Account Statement Hello, The project team completed this week's planned activities. You can review the information from your normal account dashboard. Regards, Account Services. Message reference: SAFE-0254.",safe,0
phishing-0429,security@cloud-storage-warning.net,Final Warning: Account Will Be Closed,"Dear Customer, We detected suspicious activity on your account. Update your payment information: http://mailbox-validation.example/signin. Failure to respond may result in permanent suspension. Reference ID: PH-0429.","Final Warning: Account Will Be Closed Dear Customer, We detected suspicious activity on your account. Update your payment information: http://mailbox-validation.example/signin. Failure to respond may result in permanent suspension. Reference ID: PH-0429.",phishing,1
safe-0038,orders@shop.example,Software Update Release Notes,"Hello, Your order has been processed and shipped. You may ignore this message if you have already completed the task. Sincerely, Customer Support. Message reference: SAFE-0038.","Software Update Release Notes Hello, Your order has been processed and shipped. You may ignore this message if you have already completed the task. Sincerely, Customer Support. Message reference: SAFE-0038.",safe,0
phishing-0001,support@account-verification.net,URGENT: Verify Your Account Immediately,"Dear Customer, Your identity information requires immediate verification. Sign in to prevent permanent account closure: http://payment-review.example/billing. This request will expire within 24 hours. Reference ID: PH-0001.","URGENT: Verify Your Account Immediately Dear Customer, Your identity information requires immediate verification. Sign in to prevent permanent account closure: http://payment-review.example/billing. This request will expire within 24 hours. Reference ID: PH-0001.",phishing,1
safe-0036,billing@subscription.example,Welcome to Our Newsletter,"Hello, Thank you for subscribing to our newsletter. No action is required at this time. Regards, Account Services. Message reference: SAFE-0036.","Welcome to Our Newsletter Hello, Thank you for subscribing to our newsletter. No action is required at this time. Regards, Account Services. Message reference: SAFE-0036.",safe,0
phishing-0300,support@account-verification.net,Security Alert: Password Confirmation Required,"Dear Customer, Your account has temporarily been suspended. Verify your password and OTP immediately: http://192.168.1.10/login/verify-account. This request will expire within 24 hours. Reference ID: PH-0300.","Security Alert: Password Confirmation Required Dear Customer, Your account has temporarily been suspended. Verify your password and OTP immediately: http://192.168.1.10/login/verify-account. This request will expire within 24 hours. Reference ID: PH-0300.",phishing,1
safe-0461,support@trusted-service.example,Thank You for Your Feedback,"Hello, A new software update is available with performance improvements. The meeting will take place during normal business hours. Thank you, Human Resources. Message reference: SAFE-0461.","Thank You for Your Feedback Hello, A new software update is available with performance improvements. The meeting will take place during normal business hours. Thank you, Human Resources. Message reference: SAFE-0461.",safe,0
phishing-0263,security@cloud-storage-warning.net,Confirm Your Banking Information,"Dear Customer, Your identity information requires immediate verification. Update your payment information: http://reward-claim.example/winner. Act immediately to avoid interruption of service. Reference ID: PH-0263.","Confirm Your Banking Information Dear Customer, Your identity information requires immediate verification. Update your payment information: http://reward-claim.example/winner. Act immediately to avoid interruption of service. Reference ID: PH-0263.",phishing,1
safe-0475,orders@shop.example,Monthly Subscription Receipt,"Hello, Your monthly statement is now available for review. You can review the information from your normal account dashboard. Thanks, The Community Team. Message reference: SAFE-0475.","Monthly Subscription Receipt Hello, Your monthly statement is now available for review. You can review the information from your normal account dashboard. Thanks, The Community Team. Message reference: SAFE-0475.",safe,0
phishing-0370,delivery@parcel-update-alert.com,Claim Your Reward Before It Expires,"Dear Customer, An unauthorized login attempt was detected. Confirm your account information now: http://refund-processing.example/verify. Act immediately to avoid interruption of service. Reference ID: PH-0370.","Claim Your Reward Before It Expires Dear Customer, An unauthorized login attempt was detected. Confirm your account information now: http://refund-processing.example/verify. Act immediately to avoid interruption of service. Reference ID: PH-0370.",phishing,1
safe-0377,notifications@calendar.example,Your Monthly Account Statement,"Hello, This is a reminder about the scheduled team meeting. No action is required at this time. Thanks, The Community Team. Message reference: SAFE-0377.","Your Monthly Account Statement Hello, This is a reminder about the scheduled team meeting. No action is required at this time. Thanks, The Community Team. Message reference: SAFE-0377.",safe,0
phishing-0372,delivery@parcel-update-alert.com,Confirm Your Banking Information,"Dear Customer, Your account has temporarily been suspended. Submit your banking information to receive the refund: http://192.168.1.10/login/verify-account. Failure to respond may result in permanent suspension. Reference ID: PH-0372.","Confirm Your Banking Information Dear Customer, Your account has temporarily been suspended. Submit your banking information to receive the refund: http://192.168.1.10/login/verify-account. Failure to respond may result in permanent suspension. Reference ID: PH-0372.",phishing,1
safe-0018,events@community.example,Meeting Agenda for Tomorrow,"Hello, Thank you for subscribing to our newsletter. We appreciate your continued participation. Regards, Account Services. Message reference: SAFE-0018.","Meeting Agenda for Tomorrow Hello, Thank you for subscribing to our newsletter. We appreciate your continued participation. Regards, Account Services. Message reference: SAFE-0018.",safe,0
safe-0320,updates@software.example,Employee Training Schedule,"Hello, Your monthly statement is now available for review. The meeting will take place during normal business hours. Thank you, Human Resources. Message reference: SAFE-0320.","Employee Training Schedule Hello, Your monthly statement is now available for review. The meeting will take place during normal business hours. Thank you, Human Resources. Message reference: SAFE-0320.",safe,0
safe-0079,updates@software.example,Your Order Has Been Shipped,"Hello, Your order has been processed and shipped. You can review the information from your normal account dashboard. Thank you, Human Resources. Message reference: SAFE-0079.","Your Order Has Been Shipped Hello, Your order has been processed and shipped. You can review the information from your normal account dashboard. Thank you, Human Resources. Message reference: SAFE-0079.",safe,0
safe-0480,orders@shop.example,Thank You for Your Feedback,"Hello, This message contains the agenda for our upcoming meeting. No action is required at this time. Thank you, Human Resources. Message reference: SAFE-0480.","Thank You for Your Feedback Hello, This message contains the agenda for our upcoming meeting. No action is required at this time. Thank you, Human Resources. Message reference: SAFE-0480.",safe,0
phishing-0498,billing@payment-review-alert.com,Immediate Action Required,"Dear Customer, Your package cannot be delivered until your address is confirmed. Update your payment information: http://account-security-check.example/login. Failure to respond may result in permanent suspension. Reference ID: PH-0498.","Immediate Action Required Dear Customer, Your package cannot be delivered until your address is confirmed. Update your payment information: http://account-security-check.example/login. Failure to respond may result in permanent suspension. Reference ID: PH-0498.",phishing,1
safe-0180,support@trusted-service.example,Thank You for Your Feedback,"Hello, Your order has been processed and shipped. Your existing password and account settings remain unchanged. Thanks, The Community Team. Message reference: SAFE-0180.","Thank You for Your Feedback Hello, Your order has been processed and shipped. Your existing password and account settings remain unchanged. Thanks, The Community Team. Message reference: SAFE-0180.",safe,0
safe-0161,team@project.example,Meeting Agenda for Tomorrow,"Hello, Here is the latest update from our team. Please contact your manager if you have any questions. Sincerely, Customer Support. Message reference: SAFE-0161.","Meeting Agenda for Tomorrow Hello, Here is the latest update from our team. Please contact your manager if you have any questions. Sincerely, Customer Support. Message reference: SAFE-0161.",safe,0
phishing-0190,delivery@parcel-update-alert.com,Tax Refund Confirmation Required,"Dear Customer, Your identity information requires immediate verification. Submit your banking information to receive the refund: http://payment-review.example/billing. This request will expire within 24 hours. Reference ID: PH-0190.","Tax Refund Confirmation Required Dear Customer, Your identity information requires immediate verification. Submit your banking information to receive the refund: http://payment-review.example/billing. This request will expire within 24 hours. Reference ID: PH-0190.",phishing,1
phishing-0417,billing@payment-review-alert.com,URGENT: Verify Your Account Immediately,"Dear Customer, An unauthorized login attempt was detected. Update your payment information: http://secure-update.example/confirm-password. This is your final security warning. Reference ID: PH-0417.","URGENT: Verify Your Account Immediately Dear Customer, An unauthorized login attempt was detected. Update your payment information: http://secure-update.example/confirm-password. This is your final security warning. Reference ID: PH-0417.",phishing,1
safe-0404,events@community.example,Community Event Invitation,"Hello, The project team completed this week's planned activities. Please contact your manager if you have any questions. Thanks, The Community Team. Message reference: SAFE-0404.","Community Event Invitation Hello, The project team completed this week's planned activities. Please contact your manager if you have any questions. Thanks, The Community Team. Message reference: SAFE-0404.",safe,0
phishing-0173,admin@secure-login-update.com,Confirm Your Banking Information,"Dear Customer, Your package cannot be delivered until your address is confirmed. Confirm your delivery address: http://mailbox-validation.example/signin. This request will expire within 24 hours. Reference ID: PH-0173.","Confirm Your Banking Information Dear Customer, Your package cannot be delivered until your address is confirmed. Confirm your delivery address: http://mailbox-validation.example/signin. This request will expire within 24 hours. Reference ID: PH-0173.",phishing,1
safe-0390,notifications@calendar.example,Software Update Release Notes,"Hello, This message contains the agenda for our upcoming meeting. You may ignore this message if you have already completed the task. Thank you, Human Resources. Message reference: SAFE-0390.","Software Update Release Notes Hello, This message contains the agenda for our upcoming meeting. You may ignore this message if you have already completed the task. Thank you, Human Resources. Message reference: SAFE-0390.",safe,0
phishing-0386,helpdesk@password-confirmation.net,Immediate Action Required,"Dear Customer, You have been selected to receive a limited reward. Sign in to prevent permanent account closure: http://reward-claim.example/winner. This is your final security warning. Reference ID: PH-0386.","Immediate Action Required Dear Customer, You have been selected to receive a limited reward. Sign in to prevent permanent account closure: http://reward-claim.example/winner. This is your final security warning. Reference ID: PH-0386.",phishing,1
phishing-0368,support@account-verification.net,Unusual Login Attempt Detected,"Dear Customer, Your package cannot be delivered until your address is confirmed. Verify your password and OTP immediately: http://payment-review.example/billing. Act immediately to avoid interruption of service. Reference ID: PH-0368.","Unusual Login Attempt Detected Dear Customer, Your package cannot be delivered until your address is confirmed. Verify your password and OTP immediately: http://payment-review.example/billing. Act immediately to avoid interruption of service. Reference ID: PH-0368.",phishing,1
phishing-0287,delivery@parcel-update-alert.com,Confirm Your Banking Information,"Dear Customer, Your mailbox will be disabled because it has exceeded its storage limit. Update your payment information: http://secure-update.example/confirm-password. Failure to respond may result in permanent suspension. Reference ID: PH-0287.","Confirm Your Banking Information Dear Customer, Your mailbox will be disabled because it has exceeded its storage limit. Update your payment information: http://secure-update.example/confirm-password. Failure to respond may result in permanent suspension. Reference ID: PH-0287.",phishing,1
phishing-0412,service@urgent-account-check.com,Your Payment Was Declined,"Dear Customer, You have been selected to receive a limited reward. Submit your banking information to receive the refund: http://192.168.1.10/login/verify-account. Failure to respond may result in permanent suspension. Reference ID: PH-0412.","Your Payment Was Declined Dear Customer, You have been selected to receive a limited reward. Submit your banking information to receive the refund: http://192.168.1.10/login/verify-account. Failure to respond may result in permanent suspension. Reference ID: PH-0412.",phishing,1
safe-0088,support@trusted-service.example,Reminder: Upcoming Team Meeting,"Hello, Here is the latest update from our team. Please contact your manager if you have any questions. Thanks, The Community Team. Message reference: SAFE-0088.","Reminder: Upcoming Team Meeting Hello, Here is the latest update from our team. Please contact your manager if you have any questions. Thanks, The Community Team. Message reference: SAFE-0088.",safe,0
phishing-0183,helpdesk@password-confirmation.net,Final Warning: Account Will Be Closed,"Dear Customer, We detected suspicious activity on your account. Submit your banking information to receive the refund: http://delivery-confirmation.example/update. This is your final security warning. Reference ID: PH-0183.","Final Warning: Account Will Be Closed Dear Customer, We detected suspicious activity on your account. Submit your banking information to receive the refund: http://delivery-confirmation.example/update. This is your final security warning. Reference ID: PH-0183.",phishing,1
safe-0498,newsletter@company.example,Welcome to Our Newsletter,"Hello, Your monthly statement is now available for review. We appreciate your continued participation. Regards, The Support Team. Message reference: SAFE-0498.","Welcome to Our Newsletter Hello, Your monthly statement is now available for review. We appreciate your continued participation. Regards, The Support Team. Message reference: SAFE-0498.",safe,0
phishing-0111,service@urgent-account-check.com,Package Delivery Failed,"Dear Customer, Your account has temporarily been suspended. Submit your banking information to receive the refund: http://payment-review.example/billing. This is your final security warning. Reference ID: PH-0111.","Package Delivery Failed Dear Customer, Your account has temporarily been suspended. Submit your banking information to receive the refund: http://payment-review.example/billing. This is your final security warning. Reference ID: PH-0111.",phishing,1
phishing-0277,helpdesk@password-confirmation.net,Immediate Action Required,"Dear Customer, Your recent payment could not be processed. Unlock your account using the secure link: http://delivery-confirmation.example/update. Failure to respond may result in permanent suspension. Reference ID: PH-0277.","Immediate Action Required Dear Customer, Your recent payment could not be processed. Unlock your account using the secure link: http://delivery-confirmation.example/update. Failure to respond may result in permanent suspension. Reference ID: PH-0277.",phishing,1
phishing-0054,rewards@claim-prize-now.net,Security Alert: Password Confirmation Required,"Dear Customer, You have been selected to receive a limited reward. Update your payment information: http://192.168.1.10/login/verify-account. Act immediately to avoid interruption of service. Reference ID: PH-0054.","Security Alert: Password Confirmation Required Dear Customer, You have been selected to receive a limited reward. Update your payment information: http://192.168.1.10/login/verify-account. Act immediately to avoid interruption of service. Reference ID: PH-0054.",phishing,1
safe-0372,updates@software.example,Software Update Release Notes,"Hello, Here is the latest update from our team. No action is required at this time. Regards, The Support Team. Message reference: SAFE-0372.","Software Update Release Notes Hello, Here is the latest update from our team. No action is required at this time. Regards, The Support Team. Message reference: SAFE-0372.",safe,0
safe-0274,team@project.example,Employee Training Schedule,"Hello, Your monthly statement is now available for review. The meeting will take place during normal business hours. Thanks, The Community Team. Message reference: SAFE-0274.","Employee Training Schedule Hello, Your monthly statement is now available for review. The meeting will take place during normal business hours. Thanks, The Community Team. Message reference: SAFE-0274.",safe,0
safe-0350,manager@company.example,Your Order Has Been Shipped,"Hello, Your monthly statement is now available for review. You may ignore this message if you have already completed the task. Regards, Account Services. Message reference: SAFE-0350.","Your Order Has Been Shipped Hello, Your monthly statement is now available for review. You may ignore this message if you have already completed the task. Regards, Account Services. Message reference: SAFE-0350.",safe,0
phishing-0452,service@urgent-account-check.com,Your Payment Was Declined,"Dear Customer, Your mailbox will be disabled because it has exceeded its storage limit. Confirm your account information now: http://account-security-check.example/login. This request will expire within 24 hours. Reference ID: PH-0452.","Your Payment Was Declined Dear Customer, Your mailbox will be disabled because it has exceeded its storage limit. Confirm your account information now: http://account-security-check.example/login. This request will expire within 24 hours. Reference ID: PH-0452.",phishing,1
phishing-0330,notice@tax-refund-review.com,Claim Your Reward Before It Expires,"Dear Customer, We detected suspicious activity on your account. Unlock your account using the secure link: http://account-security-check.example/login. Ignoring this message may result in account closure. Reference ID: PH-0330.","Claim Your Reward Before It Expires Dear Customer, We detected suspicious activity on your account. Unlock your account using the secure link: http://account-security-check.example/login. Ignoring this message may result in account closure. Reference ID: PH-0330.",phishing,1
safe-0425,support@trusted-service.example,Software Update Release Notes,"Hello, The project team completed this week's planned activities. We appreciate your continued participation. Thanks, The Community Team. Message reference: SAFE-0425.","Software Update Release Notes Hello, The project team completed this week's planned activities. We appreciate your continued participation. Thanks, The Community Team. Message reference: SAFE-0425.",safe,0
safe-0304,notifications@calendar.example,Reminder: Upcoming Team Meeting,"Hello, Here is the latest update from our team. You can review the information from your normal account dashboard. Best regards, Project Management. Message reference: SAFE-0304.","Reminder: Upcoming Team Meeting Hello, Here is the latest update from our team. You can review the information from your normal account dashboard. Best regards, Project Management. Message reference: SAFE-0304.",safe,0
phishing-0062,helpdesk@password-confirmation.net,Claim Your Reward Before It Expires,"Dear Customer, Your recent payment could not be processed. Submit your banking information to receive the refund: http://mailbox-validation.example/signin. Act immediately to avoid interruption of service. Reference ID: PH-0062.","Claim Your Reward Before It Expires Dear Customer, Your recent payment could not be processed. Submit your banking information to receive the refund: http://mailbox-validation.example/signin. Act immediately to avoid interruption of service. Reference ID: PH-0062.",phishing,1
phishing-0447,helpdesk@password-confirmation.net,Immediate Action Required,"Dear Customer, Your mailbox will be disabled because it has exceeded its storage limit. Unlock your account using the secure link: http://payment-review.example/billing. This request will expire within 24 hours. Reference ID: PH-0447.","Immediate Action Required Dear Customer, Your mailbox will be disabled because it has exceeded its storage limit. Unlock your account using the secure link: http://payment-review.example/billing. This request will expire within 24 hours. Reference ID: PH-0447.",phishing,1
phishing-0152,support@account-verification.net,Confirm Your Banking Information,"Dear Customer, Your recent payment could not be processed. Confirm your account information now: http://reward-claim.example/winner. This request will expire within 24 hours. Reference ID: PH-0152.","Confirm Your Banking Information Dear Customer, Your recent payment could not be processed. Confirm your account information now: http://reward-claim.example/winner. This request will expire within 24 hours. Reference ID: PH-0152.",phishing,1
safe-0499,newsletter@company.example,Your Order Has Been Shipped,"Hello, Thank you for subscribing to our newsletter. The attached summary contains the latest approved information. Thank you, Human Resources. Message reference: SAFE-0499.","Your Order Has Been Shipped Hello, Thank you for subscribing to our newsletter. The attached summary contains the latest approved information. Thank you, Human Resources. Message reference: SAFE-0499.",safe,0
safe-0167,orders@shop.example,Your Monthly Account Statement,"Hello, Your monthly statement is now available for review. The meeting will take place during normal business hours. Thanks, The Community Team. Message reference: SAFE-0167.","Your Monthly Account Statement Hello, Your monthly statement is now available for review. The meeting will take place during normal business hours. Thanks, The Community Team. Message reference: SAFE-0167.",safe,0
phishing-0215,billing@payment-review-alert.com,Confirm Your Banking Information,"Dear Customer, Your account has temporarily been suspended. Submit your banking information to receive the refund: http://reward-claim.example/winner. Failure to respond may result in permanent suspension. Reference ID: PH-0215.","Confirm Your Banking Information Dear Customer, Your account has temporarily been suspended. Submit your banking information to receive the refund: http://reward-claim.example/winner. Failure to respond may result in permanent suspension. Reference ID: PH-0215.",phishing,1
phishing-0397,rewards@claim-prize-now.net,Your Payment Was Declined,"Dear Customer, Your package cannot be delivered until your address is confirmed. Verify your password and OTP immediately: http://mailbox-validation.example/signin. Failure to respond may result in permanent suspension. Reference ID: PH-0397.","Your Payment Was Declined Dear Customer, Your package cannot be delivered until your address is confirmed. Verify your password and OTP immediately: http://mailbox-validation.example/signin. Failure to respond may result in permanent suspension. Reference ID: PH-0397.",phishing,1
phishing-0201,security@cloud-storage-warning.net,Confirm Your Banking Information,"Dear Customer, Your mailbox will be disabled because it has exceeded its storage limit. Submit your banking information to receive the refund: http://payment-review.example/billing. This request will expire within 24 hours. Reference ID: PH-0201.","Confirm Your Banking Information Dear Customer, Your mailbox will be disabled because it has exceeded its storage limit. Submit your banking information to receive the refund: http://payment-review.example/billing. This request will expire within 24 hours. Reference ID: PH-0201.",phishing,1
safe-0426,updates@software.example,Monthly Subscription Receipt,"Hello, This is a reminder about the scheduled team meeting. Please contact your manager if you have any questions. Best regards, Project Management. Message reference: SAFE-0426.","Monthly Subscription Receipt Hello, This is a reminder about the scheduled team meeting. Please contact your manager if you have any questions. Best regards, Project Management. Message reference: SAFE-0426.",safe,0
phishing-0172,support@account-verification.net,Final Warning: Account Will Be Closed,"Dear Customer, We detected suspicious activity on your account. Update your payment information: http://refund-processing.example/verify. Ignoring this message may result in account closure. Reference ID: PH-0172.","Final Warning: Account Will Be Closed Dear Customer, We detected suspicious activity on your account. Update your payment information: http://refund-processing.example/verify. Ignoring this message may result in account closure. Reference ID: PH-0172.",phishing,1
safe-0334,orders@shop.example,Employee Training Schedule,"Hello, This message contains the agenda for our upcoming meeting. The attached summary contains the latest approved information. Sincerely, Customer Support. Message reference: SAFE-0334.","Employee Training Schedule Hello, This message contains the agenda for our upcoming meeting. The attached summary contains the latest approved information. Sincerely, Customer Support. Message reference: SAFE-0334.",safe,0
safe-0339,orders@shop.example,Welcome to Our Newsletter,"Hello, Thank you for subscribing to our newsletter. The attached summary contains the latest approved information. Regards, Account Services. Message reference: SAFE-0339.","Welcome to Our Newsletter Hello, Thank you for subscribing to our newsletter. The attached summary contains the latest approved information. Regards, Account Services. Message reference: SAFE-0339.",safe,0
safe-0207,newsletter@company.example,Team Performance Summary,"Hello, This is a reminder about the scheduled team meeting. The meeting will take place during normal business hours. Thanks, The Community Team. Message reference: SAFE-0207.","Team Performance Summary Hello, This is a reminder about the scheduled team meeting. The meeting will take place during normal business hours. Thanks, The Community Team. Message reference: SAFE-0207.",safe,0
safe-0281,orders@shop.example,Employee Training Schedule,"Hello, This message contains the agenda for our upcoming meeting. We appreciate your continued participation. Regards, Account Services. Message reference: SAFE-0281.","Employee Training Schedule Hello, This message contains the agenda for our upcoming meeting. We appreciate your continued participation. Regards, Account Services. Message reference: SAFE-0281.",safe,0
safe-0033,support@trusted-service.example,Weekly Project Update,"Hello, The project team completed this week's planned activities. You may ignore this message if you have already completed the task. Regards, The Support Team. Message reference: SAFE-0033.","Weekly Project Update Hello, The project team completed this week's planned activities. You may ignore this message if you have already completed the task. Regards, The Support Team. Message reference: SAFE-0033.",safe,0
safe-0297,manager@company.example,Team Performance Summary,"Hello, This message contains the agenda for our upcoming meeting. You can review the information from your normal account dashboard. Thank you, Human Resources. Message reference: SAFE-0297.","Team Performance Summary Hello, This message contains the agenda for our upcoming meeting. You can review the information from your normal account dashboard. Thank you, Human Resources. Message reference: SAFE-0297.",safe,0
safe-0491,orders@shop.example,Weekly Project Update,"Hello, A new software update is available with performance improvements. No action is required at this time. Best regards, Project Management. Message reference: SAFE-0491.","Weekly Project Update Hello, A new software update is available with performance improvements. No action is required at this time. Best regards, Project Management. Message reference: SAFE-0491.",safe,0
phishing-0090,admin@secure-login-update.com,Your Account Has Been Suspended,"Dear Customer, You have been selected to receive a limited reward. Validate your identity within 24 hours: http://reward-claim.example/winner. This is your final security warning. Reference ID: PH-0090.","Your Account Has Been Suspended Dear Customer, You have been selected to receive a limited reward. Validate your identity within 24 hours: http://reward-claim.example/winner. This is your final security warning. Reference ID: PH-0090.",phishing,1
phishing-0073,billing@payment-review-alert.com,Unusual Login Attempt Detected,"Dear Customer, Your account has temporarily been suspended. Update your payment information: http://payment-review.example/billing. This request will expire within 24 hours. Reference ID: PH-0073.","Unusual Login Attempt Detected Dear Customer, Your account has temporarily been suspended. Update your payment information: http://payment-review.example/billing. This request will expire within 24 hours. Reference ID: PH-0073.",phishing,1
safe-0249,newsletter@company.example,Thank You for Your Feedback,"Hello, This message contains the agenda for our upcoming meeting. No action is required at this time. Best regards, Project Management. Message reference: SAFE-0249.","Thank You for Your Feedback Hello, This message contains the agenda for our upcoming meeting. No action is required at this time. Best regards, Project Management. Message reference: SAFE-0249.",safe,0
phishing-0466,service@urgent-account-check.com,Claim Your Reward Before It Expires,"Dear Customer, We detected suspicious activity on your account. Confirm your delivery address: http://account-security-check.example/login. This request will expire within 24 hours. Reference ID: PH-0466.","Claim Your Reward Before It Expires Dear Customer, We detected suspicious activity on your account. Confirm your delivery address: http://account-security-check.example/login. This request will expire within 24 hours. Reference ID: PH-0466.",phishing,1
safe-0123,notifications@calendar.example,Meeting Agenda for Tomorrow,"Hello, Your order has been processed and shipped. The meeting will take place during normal business hours. Regards, The Support Team. Message reference: SAFE-0123.","Meeting Agenda for Tomorrow Hello, Your order has been processed and shipped. The meeting will take place during normal business hours. Regards, The Support Team. Message reference: SAFE-0123.",safe,0
phishing-0206,rewards@claim-prize-now.net,Confirm Your Banking Information,"Dear Customer, Your mailbox will be disabled because it has exceeded its storage limit. Submit your banking information to receive the refund: http://mailbox-validation.example/signin. Ignoring this message may result in account closure. Reference ID: PH-0206.","Confirm Your Banking Information Dear Customer, Your mailbox will be disabled because it has exceeded its storage limit. Submit your banking information to receive the refund: http://mailbox-validation.example/signin. Ignoring this message may result in account closure. Reference ID: PH-0206.",phishing,1
safe-0250,support@trusted-service.example,Your Order Has Been Shipped,"Hello, A new software update is available with performance improvements. Your existing password and account settings remain unchanged. Thank you, Human Resources. Message reference: SAFE-0250.","Your Order Has Been Shipped Hello, A new software update is available with performance improvements. Your existing password and account settings remain unchanged. Thank you, Human Resources. Message reference: SAFE-0250.",safe,0
phishing-0410,security@unknown-bank-alert.com,Tax Refund Confirmation Required,"Dear Customer, Your recent payment could not be processed. Update your payment information: http://secure-update.example/confirm-password. Ignoring this message may result in account closure. Reference ID: PH-0410.","Tax Refund Confirmation Required Dear Customer, Your recent payment could not be processed. Update your payment information: http://secure-update.example/confirm-password. Ignoring this message may result in account closure. Reference ID: PH-0410.",phishing,1
phishing-0454,admin@secure-login-update.com,URGENT: Verify Your Account Immediately,"Dear Customer, An unauthorized login attempt was detected. Sign in to prevent permanent account closure: http://delivery-confirmation.example/update. Failure to respond may result in permanent suspension. Reference ID: PH-0454.","URGENT: Verify Your Account Immediately Dear Customer, An unauthorized login attempt was detected. Sign in to prevent permanent account closure: http://delivery-confirmation.example/update. Failure to respond may result in permanent suspension. Reference ID: PH-0454.",phishing,1
safe-0403,events@community.example,Your Monthly Account Statement,"Hello, Thank you for subscribing to our newsletter. You can review the information from your normal account dashboard. Best regards, Project Management. Message reference: SAFE-0403.","Your Monthly Account Statement Hello, Thank you for subscribing to our newsletter. You can review the information from your normal account dashboard. Best regards, Project Management. Message reference: SAFE-0403.",safe,0
safe-0125,hr@company.example,Weekly Project Update,"Hello, This is a reminder about the scheduled team meeting. The meeting will take place during normal business hours. Thank you, Human Resources. Message reference: SAFE-0125.","Weekly Project Update Hello, This is a reminder about the scheduled team meeting. The meeting will take place during normal business hours. Thank you, Human Resources. Message reference: SAFE-0125.",safe,0
safe-0487,billing@subscription.example,Welcome to Our Newsletter,"Hello, Thank you for subscribing to our newsletter. You may ignore this message if you have already completed the task. Regards, The Support Team. Message reference: SAFE-0487.","Welcome to Our Newsletter Hello, Thank you for subscribing to our newsletter. You may ignore this message if you have already completed the task. Regards, The Support Team. Message reference: SAFE-0487.",safe,0
phishing-0346,helpdesk@password-confirmation.net,Security Alert: Password Confirmation Required,"Dear Customer, An unauthorized login attempt was detected. Validate your identity within 24 hours: http://account-security-check.example/login. Ignoring this message may result in account closure. Reference ID: PH-0346.","Security Alert: Password Confirmation Required Dear Customer, An unauthorized login attempt was detected. Validate your identity within 24 hours: http://account-security-check.example/login. Ignoring this message may result in account closure. Reference ID: PH-0346.",phishing,1
safe-0261,manager@company.example,Team Performance Summary,"Hello, Your order has been processed and shipped. You can review the information from your normal account dashboard. Sincerely, Customer Support. Message reference: SAFE-0261.","Team Performance Summary Hello, Your order has been processed and shipped. You can review the information from your normal account dashboard. Sincerely, Customer Support. Message reference: SAFE-0261.",safe,0
phishing-0171,rewards@claim-prize-now.net,Your Mailbox Storage Is Full,"Dear Customer, We detected suspicious activity on your account. Submit your banking information to receive the refund: http://delivery-confirmation.example/update. Act immediately to avoid interruption of service. Reference ID: PH-0171.","Your Mailbox Storage Is Full Dear Customer, We detected suspicious activity on your account. Submit your banking information to receive the refund: http://delivery-confirmation.example/update. Act immediately to avoid interruption of service. Reference ID: PH-0171.",phishing,1
phishing-0356,admin@secure-login-update.com,Immediate Action Required,"Dear Customer, We detected suspicious activity on your account. Update your payment information: http://account-security-check.example/login. Act immediately to avoid interruption of service. Reference ID: PH-0356.","Immediate Action Required Dear Customer, We detected suspicious activity on your account. Update your payment information: http://account-security-check.example/login. Act immediately to avoid interruption of service. Reference ID: PH-0356.",phishing,1
safe-0192,notifications@calendar.example,Your Monthly Account Statement,"Hello, A new software update is available with performance improvements. Your existing password and account settings remain unchanged. Sincerely, Customer Support. Message reference: SAFE-0192.","Your Monthly Account Statement Hello, A new software update is available with performance improvements. Your existing password and account settings remain unchanged. Sincerely, Customer Support. Message reference: SAFE-0192.",safe,0
phishing-0094,support@account-verification.net,Your Mailbox Storage Is Full,"Dear Customer, Your mailbox will be disabled because it has exceeded its storage limit. Sign in to prevent permanent account closure: http://refund-processing.example/verify. This is your final security warning. Reference ID: PH-0094.","Your Mailbox Storage Is Full Dear Customer, Your mailbox will be disabled because it has exceeded its storage limit. Sign in to prevent permanent account closure: http://refund-processing.example/verify. This is your final security warning. Reference ID: PH-0094.",phishing,1
safe-0351,orders@shop.example,Your Monthly Account Statement,"Hello, This is a reminder about the scheduled team meeting. You can review the information from your normal account dashboard. Thank you, Human Resources. Message reference: SAFE-0351.","Your Monthly Account Statement Hello, This is a reminder about the scheduled team meeting. You can review the information from your normal account dashboard. Thank you, Human Resources. Message reference: SAFE-0351.",safe,0
phishing-0188,helpdesk@password-confirmation.net,Final Warning: Account Will Be Closed,"Dear Customer, Your recent payment could not be processed. Submit your banking information to receive the refund: http://reward-claim.example/winner. Ignoring this message may result in account closure. Reference ID: PH-0188.","Final Warning: Account Will Be Closed Dear Customer, Your recent payment could not be processed. Submit your banking information to receive the refund: http://reward-claim.example/winner. Ignoring this message may result in account closure. Reference ID: PH-0188.",phishing,1
safe-0332,events@community.example,Thank You for Your Feedback,"Hello, Thank you for subscribing to our newsletter. No action is required at this time. Regards, Account Services. Message reference: SAFE-0332.","Thank You for Your Feedback Hello, Thank you for subscribing to our newsletter. No action is required at this time. Regards, Account Services. Message reference: SAFE-0332.",safe,0
phishing-0058,support@account-verification.net,Your Mailbox Storage Is Full,"Dear Customer, We detected suspicious activity on your account. Validate your identity within 24 hours: http://mailbox-validation.example/signin. Ignoring this message may result in account closure. Reference ID: PH-0058.","Your Mailbox Storage Is Full Dear Customer, We detected suspicious activity on your account. Validate your identity within 24 hours: http://mailbox-validation.example/signin. Ignoring this message may result in account closure. Reference ID: PH-0058.",phishing,1
phishing-0060,service@urgent-account-check.com,URGENT: Verify Your Account Immediately,"Dear Customer, Your mailbox will be disabled because it has exceeded its storage limit. Submit your banking information to receive the refund: http://account-security-check.example/login. Ignoring this message may result in account closure. Reference ID: PH-0060.","URGENT: Verify Your Account Immediately Dear Customer, Your mailbox will be disabled because it has exceeded its storage limit. Submit your banking information to receive the refund: http://account-security-check.example/login. Ignoring this message may result in account closure. Reference ID: PH-0060.",phishing,1
phishing-0121,security@unknown-bank-alert.com,Your Account Has Been Suspended,"Dear Customer, Your recent payment could not be processed. Unlock your account using the secure link: http://mailbox-validation.example/signin. Ignoring this message may result in account closure. Reference ID: PH-0121.","Your Account Has Been Suspended Dear Customer, Your recent payment could not be processed. Unlock your account using the secure link: http://mailbox-validation.example/signin. Ignoring this message may result in account closure. Reference ID: PH-0121.",phishing,1
safe-0185,updates@software.example,Monthly Subscription Receipt,"Hello, This is a reminder about the scheduled team meeting. No action is required at this time. Regards, Account Services. Message reference: SAFE-0185.","Monthly Subscription Receipt Hello, This is a reminder about the scheduled team meeting. No action is required at this time. Regards, Account Services. Message reference: SAFE-0185.",safe,0
safe-0165,orders@shop.example,Your Order Has Been Shipped,"Hello, This is a reminder about the scheduled team meeting. Please contact your manager if you have any questions. Thanks, The Community Team. Message reference: SAFE-0165.","Your Order Has Been Shipped Hello, This is a reminder about the scheduled team meeting. Please contact your manager if you have any questions. Thanks, The Community Team. Message reference: SAFE-0165.",safe,0
phishing-0176,delivery@parcel-update-alert.com,URGENT: Verify Your Account Immediately,"Dear Customer, Your account has temporarily been suspended. Unlock your account using the secure link: http://refund-processing.example/verify. This request will expire within 24 hours. Reference ID: PH-0176.","URGENT: Verify Your Account Immediately Dear Customer, Your account has temporarily been suspended. Unlock your account using the secure link: http://refund-processing.example/verify. This request will expire within 24 hours. Reference ID: PH-0176.",phishing,1
safe-0287,notifications@calendar.example,Thank You for Your Feedback,"Hello, A new software update is available with performance improvements. The attached summary contains the latest approved information. Best regards, Project Management. Message reference: SAFE-0287.","Thank You for Your Feedback Hello, A new software update is available with performance improvements. The attached summary contains the latest approved information. Best regards, Project Management. Message reference: SAFE-0287.",safe,0
safe-0117,events@community.example,Employee Training Schedule,"Hello, A new software update is available with performance improvements. No action is required at this time. Best regards, Project Management. Message reference: SAFE-0117.","Employee Training Schedule Hello, A new software update is available with performance improvements. No action is required at this time. Best regards, Project Management. Message reference: SAFE-0117.",safe,0
safe-0025,hr@company.example,Your Monthly Account Statement,"Hello, This message contains the agenda for our upcoming meeting. You can review the information from your normal account dashboard. Regards, Account Services. Message reference: SAFE-0025.","Your Monthly Account Statement Hello, This message contains the agenda for our upcoming meeting. You can review the information from your normal account dashboard. Regards, Account Services. Message reference: SAFE-0025.",safe,0
phishing-0240,rewards@claim-prize-now.net,Confirm Your Banking Information,"Dear Customer, You have been selected to receive a limited reward. Confirm your delivery address: http://mailbox-validation.example/signin. This is your final security warning. Reference ID: PH-0240.","Confirm Your Banking Information Dear Customer, You have been selected to receive a limited reward. Confirm your delivery address: http://mailbox-validation.example/signin. This is your final security warning. Reference ID: PH-0240.",phishing,1
phishing-0326,security@cloud-storage-warning.net,URGENT: Verify Your Account Immediately,"Dear Customer, An unauthorized login attempt was detected. Confirm your account information now: http://account-security-check.example/login. Act immediately to avoid interruption of service. Reference ID: PH-0326.","URGENT: Verify Your Account Immediately Dear Customer, An unauthorized login attempt was detected. Confirm your account information now: http://account-security-check.example/login. Act immediately to avoid interruption of service. Reference ID: PH-0326.",phishing,1
phishing-0247,rewards@claim-prize-now.net,Claim Your Reward Before It Expires,"Dear Customer, An unauthorized login attempt was detected. Confirm your delivery address: http://192.168.1.10/login/verify-account. Ignoring this message may result in account closure. Reference ID: PH-0247.","Claim Your Reward Before It Expires Dear Customer, An unauthorized login attempt was detected. Confirm your delivery address: http://192.168.1.10/login/verify-account. Ignoring this message may result in account closure. Reference ID: PH-0247.",phishing,1
safe-0312,billing@subscription.example,Your Order Has Been Shipped,"Hello, Your monthly statement is now available for review. Please contact your manager if you have any questions. Regards, Account Services. Message reference: SAFE-0312.","Your Order Has Been Shipped Hello, Your monthly statement is now available for review. Please contact your manager if you have any questions. Regards, Account Services. Message reference: SAFE-0312.",safe,0
phishing-0500,notice@tax-refund-review.com,Package Delivery Failed,"Dear Customer, Your identity information requires immediate verification. Submit your banking information to receive the refund: http://secure-update.example/confirm-password. Failure to respond may result in permanent suspension. Reference ID: PH-0500.","Package Delivery Failed Dear Customer, Your identity information requires immediate verification. Submit your banking information to receive the refund: http://secure-update.example/confirm-password. Failure to respond may result in permanent suspension. Reference ID: PH-0500.",phishing,1
safe-0347,billing@subscription.example,Software Update Release Notes,"Hello, Your order has been processed and shipped. You may ignore this message if you have already completed the task. Best regards, Project Management. Message reference: SAFE-0347.","Software Update Release Notes Hello, Your order has been processed and shipped. You may ignore this message if you have already completed the task. Best regards, Project Management. Message reference: SAFE-0347.",safe,0
safe-0380,events@community.example,Thank You for Your Feedback,"Hello, Thank you for subscribing to our newsletter. The attached summary contains the latest approved information. Thank you, Human Resources. Message reference: SAFE-0380.","Thank You for Your Feedback Hello, Thank you for subscribing to our newsletter. The attached summary contains the latest approved information. Thank you, Human Resources. Message reference: SAFE-0380.",safe,0
phishing-0420,rewards@claim-prize-now.net,Security Alert: Password Confirmation Required,"Dear Customer, Your account has temporarily been suspended. Verify your password and OTP immediately: http://payment-review.example/billing. This is your final security warning. Reference ID: PH-0420.","Security Alert: Password Confirmation Required Dear Customer, Your account has temporarily been suspended. Verify your password and OTP immediately: http://payment-review.example/billing. This is your final security warning. Reference ID: PH-0420.",phishing,1
phishing-0254,rewards@claim-prize-now.net,Your Mailbox Storage Is Full,"Dear Customer, Your account has temporarily been suspended. Confirm your delivery address: http://reward-claim.example/winner. Ignoring this message may result in account closure. Reference ID: PH-0254.","Your Mailbox Storage Is Full Dear Customer, Your account has temporarily been suspended. Confirm your delivery address: http://reward-claim.example/winner. Ignoring this message may result in account closure. Reference ID: PH-0254.",phishing,1
phishing-0358,helpdesk@password-confirmation.net,Claim Your Reward Before It Expires,"Dear Customer, An unauthorized login attempt was detected. Sign in to prevent permanent account closure: http://192.168.1.10/login/verify-account. Act immediately to avoid interruption of service. Reference ID: PH-0358.","Claim Your Reward Before It Expires Dear Customer, An unauthorized login attempt was detected. Sign in to prevent permanent account closure: http://192.168.1.10/login/verify-account. Act immediately to avoid interruption of service. Reference ID: PH-0358.",phishing,1
phishing-0484,delivery@parcel-update-alert.com,Final Warning: Account Will Be Closed,"Dear Customer, Your mailbox will be disabled because it has exceeded its storage limit. Confirm your account information now: http://secure-update.example/confirm-password. This request will expire within 24 hours. Reference ID: PH-0484.","Final Warning: Account Will Be Closed Dear Customer, Your mailbox will be disabled because it has exceeded its storage limit. Confirm your account information now: http://secure-update.example/confirm-password. This request will expire within 24 hours. Reference ID: PH-0484.",phishing,1
phishing-0225,notice@tax-refund-review.com,Final Warning: Account Will Be Closed,"Dear Customer, Your identity information requires immediate verification. Validate your identity within 24 hours: http://192.168.1.10/login/verify-account. This is your final security warning. Reference ID: PH-0225.","Final Warning: Account Will Be Closed Dear Customer, Your identity information requires immediate verification. Validate your identity within 24 hours: http://192.168.1.10/login/verify-account. This is your final security warning. Reference ID: PH-0225.",phishing,1
safe-0200,support@trusted-service.example,Reminder: Upcoming Team Meeting,"Hello, Your monthly statement is now available for review. Your existing password and account settings remain unchanged. Regards, Account Services. Message reference: SAFE-0200.","Reminder: Upcoming Team Meeting Hello, Your monthly statement is now available for review. Your existing password and account settings remain unchanged. Regards, Account Services. Message reference: SAFE-0200.",safe,0
safe-0397,notifications@calendar.example,Weekly Project Update,"Hello, This message contains the agenda for our upcoming meeting. No action is required at this time. Regards, Account Services. Message reference: SAFE-0397.","Weekly Project Update Hello, This message contains the agenda for our upcoming meeting. No action is required at this time. Regards, Account Services. Message reference: SAFE-0397.",safe,0
safe-0259,notifications@calendar.example,Team Performance Summary,"Hello, Your monthly statement is now available for review. Your existing password and account settings remain unchanged. Thanks, The Community Team. Message reference: SAFE-0259.","Team Performance Summary Hello, Your monthly statement is now available for review. Your existing password and account settings remain unchanged. Thanks, The Community Team. Message reference: SAFE-0259.",safe,0
phishing-0115,billing@payment-review-alert.com,Your Payment Was Declined,"Dear Customer, Your package cannot be delivered until your address is confirmed. Submit your banking information to receive the refund: http://mailbox-validation.example/signin. Ignoring this message may result in account closure. Reference ID: PH-0115.","Your Payment Was Declined Dear Customer, Your package cannot be delivered until your address is confirmed. Submit your banking information to receive the refund: http://mailbox-validation.example/signin. Ignoring this message may result in account closure. Reference ID: PH-0115.",phishing,1
phishing-0284,admin@secure-login-update.com,Final Warning: Account Will Be Closed,"Dear Customer, Your identity information requires immediate verification. Confirm your account information now: http://192.168.1.10/login/verify-account. Act immediately to avoid interruption of service. Reference ID: PH-0284.","Final Warning: Account Will Be Closed Dear Customer, Your identity information requires immediate verification. Confirm your account information now: http://192.168.1.10/login/verify-account. Act immediately to avoid interruption of service. Reference ID: PH-0284.",phishing,1
safe-0177,updates@software.example,Your Monthly Account Statement,"Hello, The project team completed this week's planned activities. You may ignore this message if you have already completed the task. Sincerely, Customer Support. Message reference: SAFE-0177.","Your Monthly Account Statement Hello, The project team completed this week's planned activities. You may ignore this message if you have already completed the task. Sincerely, Customer Support. Message reference: SAFE-0177.",safe,0
phishing-0259,security@unknown-bank-alert.com,Immediate Action Required,"Dear Customer, Your identity information requires immediate verification. Verify your password and OTP immediately: http://delivery-confirmation.example/update. This request will expire within 24 hours. Reference ID: PH-0259.","Immediate Action Required Dear Customer, Your identity information requires immediate verification. Verify your password and OTP immediately: http://delivery-confirmation.example/update. This request will expire within 24 hours. Reference ID: PH-0259.",phishing,1
safe-0152,newsletter@company.example,Your Order Has Been Shipped,"Hello, Your order has been processed and shipped. Please contact your manager if you have any questions. Regards, Account Services. Message reference: SAFE-0152.","Your Order Has Been Shipped Hello, Your order has been processed and shipped. Please contact your manager if you have any questions. Regards, Account Services. Message reference: SAFE-0152.",safe,0
phishing-0347,service@urgent-account-check.com,Tax Refund Confirmation Required,"Dear Customer, Your account has temporarily been suspended. Sign in to prevent permanent account closure: http://reward-claim.example/winner. This request will expire within 24 hours. Reference ID: PH-0347.","Tax Refund Confirmation Required Dear Customer, Your account has temporarily been suspended. Sign in to prevent permanent account closure: http://reward-claim.example/winner. This request will expire within 24 hours. Reference ID: PH-0347.",phishing,1
safe-0276,notifications@calendar.example,Community Event Invitation,"Hello, The project team completed this week's planned activities. No action is required at this time. Regards, Account Services. Message reference: SAFE-0276.","Community Event Invitation Hello, The project team completed this week's planned activities. No action is required at this time. Regards, Account Services. Message reference: SAFE-0276.",safe,0
safe-0046,support@trusted-service.example,Thank You for Your Feedback,"Hello, This is a reminder about the scheduled team meeting. No action is required at this time. Thanks, The Community Team. Message reference: SAFE-0046.","Thank You for Your Feedback Hello, This is a reminder about the scheduled team meeting. No action is required at this time. Thanks, The Community Team. Message reference: SAFE-0046.",safe,0
phishing-0101,support@account-verification.net,Security Alert: Password Confirmation Required,"Dear Customer, Your recent payment could not be processed. Unlock your account using the secure link: http://reward-claim.example/winner. Failure to respond may result in permanent suspension. Reference ID: PH-0101.","Security Alert: Password Confirmation Required Dear Customer, Your recent payment could not be processed. Unlock your account using the secure link: http://reward-claim.example/winner. Failure to respond may result in permanent suspension. Reference ID: PH-0101.",phishing,1
phishing-0110,admin@secure-login-update.com,Unusual Login Attempt Detected,"Dear Customer, We detected suspicious activity on your account. Update your payment information: http://mailbox-validation.example/signin. This is your final security warning. Reference ID: PH-0110.","Unusual Login Attempt Detected Dear Customer, We detected suspicious activity on your account. Update your payment information: http://mailbox-validation.example/signin. This is your final security warning. Reference ID: PH-0110.",phishing,1
phishing-0496,helpdesk@password-confirmation.net,Your Payment Was Declined,"Dear Customer, Your package cannot be delivered until your address is confirmed. Confirm your account information now: http://account-security-check.example/login. Ignoring this message may result in account closure. Reference ID: PH-0496.","Your Payment Was Declined Dear Customer, Your package cannot be delivered until your address is confirmed. Confirm your account information now: http://account-security-check.example/login. Ignoring this message may result in account closure. Reference ID: PH-0496.",phishing,1
safe-0014,hr@company.example,Your Order Has Been Shipped,"Hello, The project team completed this week's planned activities. The attached summary contains the latest approved information. Regards, The Support Team. Message reference: SAFE-0014.","Your Order Has Been Shipped Hello, The project team completed this week's planned activities. The attached summary contains the latest approved information. Regards, The Support Team. Message reference: SAFE-0014.",safe,0
phishing-0099,security@unknown-bank-alert.com,Unusual Login Attempt Detected,"Dear Customer, You have been selected to receive a limited reward. Verify your password and OTP immediately: http://reward-claim.example/winner. This request will expire within 24 hours. Reference ID: PH-0099.","Unusual Login Attempt Detected Dear Customer, You have been selected to receive a limited reward. Verify your password and OTP immediately: http://reward-claim.example/winner. This request will expire within 24 hours. Reference ID: PH-0099.",phishing,1
phishing-0497,service@urgent-account-check.com,Your Mailbox Storage Is Full,"Dear Customer, We detected suspicious activity on your account. Validate your identity within 24 hours: http://secure-update.example/confirm-password. Act immediately to avoid interruption of service. Reference ID: PH-0497.","Your Mailbox Storage Is Full Dear Customer, We detected suspicious activity on your account. Validate your identity within 24 hours: http://secure-update.example/confirm-password. Act immediately to avoid interruption of service. Reference ID: PH-0497.",phishing,1
phishing-0198,security@unknown-bank-alert.com,Unusual Login Attempt Detected,"Dear Customer, Your mailbox will be disabled because it has exceeded its storage limit. Sign in to prevent permanent account closure: http://refund-processing.example/verify. Act immediately to avoid interruption of service. Reference ID: PH-0198.","Unusual Login Attempt Detected Dear Customer, Your mailbox will be disabled because it has exceeded its storage limit. Sign in to prevent permanent account closure: http://refund-processing.example/verify. Act immediately to avoid interruption of service. Reference ID: PH-0198.",phishing,1
safe-0173,events@community.example,Monthly Subscription Receipt,"Hello, This message contains the agenda for our upcoming meeting. You may ignore this message if you have already completed the task. Thank you, Human Resources. Message reference: SAFE-0173.","Monthly Subscription Receipt Hello, This message contains the agenda for our upcoming meeting. You may ignore this message if you have already completed the task. Thank you, Human Resources. Message reference: SAFE-0173.",safe,0
safe-0467,hr@company.example,Thank You for Your Feedback,"Hello, Thank you for subscribing to our newsletter. The meeting will take place during normal business hours. Sincerely, Customer Support. Message reference: SAFE-0467.","Thank You for Your Feedback Hello, Thank you for subscribing to our newsletter. The meeting will take place during normal business hours. Sincerely, Customer Support. Message reference: SAFE-0467.",safe,0
phishing-0008,service@urgent-account-check.com,URGENT: Verify Your Account Immediately,"Dear Customer, Your recent payment could not be processed. Verify your password and OTP immediately: http://reward-claim.example/winner. Ignoring this message may result in account closure. Reference ID: PH-0008.","URGENT: Verify Your Account Immediately Dear Customer, Your recent payment could not be processed. Verify your password and OTP immediately: http://reward-claim.example/winner. Ignoring this message may result in account closure. Reference ID: PH-0008.",phishing,1
safe-0481,updates@software.example,Your Order Has Been Shipped,"Hello, Here is the latest update from our team. We appreciate your continued participation. Thanks, The Community Team. Message reference: SAFE-0481.","Your Order Has Been Shipped Hello, Here is the latest update from our team. We appreciate your continued participation. Thanks, The Community Team. Message reference: SAFE-0481.",safe,0
safe-0362,team@project.example,Reminder: Upcoming Team Meeting,"Hello, The project team completed this week's planned activities. We appreciate your continued participation. Sincerely, Customer Support. Message reference: SAFE-0362.","Reminder: Upcoming Team Meeting Hello, The project team completed this week's planned activities. We appreciate your continued participation. Sincerely, Customer Support. Message reference: SAFE-0362.",safe,0
safe-0246,notifications@calendar.example,Thank You for Your Feedback,"Hello, Thank you for subscribing to our newsletter. Your existing password and account settings remain unchanged. Best regards, Project Management. Message reference: SAFE-0246.","Thank You for Your Feedback Hello, Thank you for subscribing to our newsletter. Your existing password and account settings remain unchanged. Best regards, Project Management. Message reference: SAFE-0246.",safe,0
phishing-0403,support@account-verification.net,Unusual Login Attempt Detected,"Dear Customer, Your account has temporarily been suspended. Sign in to prevent permanent account closure: http://refund-processing.example/verify. Act immediately to avoid interruption of service. Reference ID: PH-0403.","Unusual Login Attempt Detected Dear Customer, Your account has temporarily been suspended. Sign in to prevent permanent account closure: http://refund-processing.example/verify. Act immediately to avoid interruption of service. Reference ID: PH-0403.",phishing,1
safe-0087,events@community.example,Welcome to Our Newsletter,"Hello, Thank you for subscribing to our newsletter. The meeting will take place during normal business hours. Thank you, Human Resources. Message reference: SAFE-0087.","Welcome to Our Newsletter Hello, Thank you for subscribing to our newsletter. The meeting will take place during normal business hours. Thank you, Human Resources. Message reference: SAFE-0087.",safe,0
safe-0157,billing@subscription.example,Reminder: Upcoming Team Meeting,"Hello, A new software update is available with performance improvements. Please contact your manager if you have any questions. Regards, Account Services. Message reference: SAFE-0157.","Reminder: Upcoming Team Meeting Hello, A new software update is available with performance improvements. Please contact your manager if you have any questions. Regards, Account Services. Message reference: SAFE-0157.",safe,0
phishing-0464,security@unknown-bank-alert.com,Security Alert: Password Confirmation Required,"Dear Customer, We detected suspicious activity on your account. Verify your password and OTP immediately: http://secure-update.example/confirm-password. Failure to respond may result in permanent suspension. Reference ID: PH-0464.","Security Alert: Password Confirmation Required Dear Customer, We detected suspicious activity on your account. Verify your password and OTP immediately: http://secure-update.example/confirm-password. Failure to respond may result in permanent suspension. Reference ID: PH-0464.",phishing,1
safe-0272,support@trusted-service.example,Reminder: Upcoming Team Meeting,"Hello, This message contains the agenda for our upcoming meeting. The attached summary contains the latest approved information. Sincerely, Customer Support. Message reference: SAFE-0272.","Reminder: Upcoming Team Meeting Hello, This message contains the agenda for our upcoming meeting. The attached summary contains the latest approved information. Sincerely, Customer Support. Message reference: SAFE-0272.",safe,0
safe-0441,events@community.example,Community Event Invitation,"Hello, Your order has been processed and shipped. Your existing password and account settings remain unchanged. Thanks, The Community Team. Message reference: SAFE-0441.","Community Event Invitation Hello, Your order has been processed and shipped. Your existing password and account settings remain unchanged. Thanks, The Community Team. Message reference: SAFE-0441.",safe,0
safe-0063,billing@subscription.example,Monthly Subscription Receipt,"Hello, Here is the latest update from our team. The attached summary contains the latest approved information. Regards, The Support Team. Message reference: SAFE-0063.","Monthly Subscription Receipt Hello, Here is the latest update from our team. The attached summary contains the latest approved information. Regards, The Support Team. Message reference: SAFE-0063.",safe,0
safe-0147,newsletter@company.example,Meeting Agenda for Tomorrow,"Hello, Here is the latest update from our team. We appreciate your continued participation. Thank you, Human Resources. Message reference: SAFE-0147.","Meeting Agenda for Tomorrow Hello, Here is the latest update from our team. We appreciate your continued participation. Thank you, Human Resources. Message reference: SAFE-0147.",safe,0
safe-0370,team@project.example,Your Order Has Been Shipped,"Hello, The project team completed this week's planned activities. No action is required at this time. Thanks, The Community Team. Message reference: SAFE-0370.","Your Order Has Been Shipped Hello, The project team completed this week's planned activities. No action is required at this time. Thanks, The Community Team. Message reference: SAFE-0370.",safe,0
safe-0469,manager@company.example,Employee Training Schedule,"Hello, The project team completed this week's planned activities. The attached summary contains the latest approved information. Best regards, Project Management. Message reference: SAFE-0469.","Employee Training Schedule Hello, The project team completed this week's planned activities. The attached summary contains the latest approved information. Best regards, Project Management. Message reference: SAFE-0469.",safe,0
phishing-0037,billing@payment-review-alert.com,Your Payment Was Declined,"Dear Customer, Your package cannot be delivered until your address is confirmed. Validate your identity within 24 hours: http://account-security-check.example/login. Act immediately to avoid interruption of service. Reference ID: PH-0037.","Your Payment Was Declined Dear Customer, Your package cannot be delivered until your address is confirmed. Validate your identity within 24 hours: http://account-security-check.example/login. Act immediately to avoid interruption of service. Reference ID: PH-0037.",phishing,1
phishing-0365,admin@secure-login-update.com,Your Account Has Been Suspended,"Dear Customer, Your mailbox will be disabled because it has exceeded its storage limit. Unlock your account using the secure link: http://refund-processing.example/verify. Act immediately to avoid interruption of service. Reference ID: PH-0365.","Your Account Has Been Suspended Dear Customer, Your mailbox will be disabled because it has exceeded its storage limit. Unlock your account using the secure link: http://refund-processing.example/verify. Act immediately to avoid interruption of service. Reference ID: PH-0365.",phishing,1
safe-0452,events@community.example,Welcome to Our Newsletter,"Hello, Your order has been processed and shipped. You may ignore this message if you have already completed the task. Regards, Account Services. Message reference: SAFE-0452.","Welcome to Our Newsletter Hello, Your order has been processed and shipped. You may ignore this message if you have already completed the task. Regards, Account Services. Message reference: SAFE-0452.",safe,0
phishing-0304,security@unknown-bank-alert.com,Your Mailbox Storage Is Full,"Dear Customer, Your recent payment could not be processed. Validate your identity within 24 hours: http://refund-processing.example/verify. Ignoring this message may result in account closure. Reference ID: PH-0304.","Your Mailbox Storage Is Full Dear Customer, Your recent payment could not be processed. Validate your identity within 24 hours: http://refund-processing.example/verify. Ignoring this message may result in account closure. Reference ID: PH-0304.",phishing,1
phishing-0388,notice@tax-refund-review.com,Unusual Login Attempt Detected,"Dear Customer, An unauthorized login attempt was detected. Update your payment information: http://delivery-confirmation.example/update. Failure to respond may result in permanent suspension. Reference ID: PH-0388.","Unusual Login Attempt Detected Dear Customer, An unauthorized login attempt was detected. Update your payment information: http://delivery-confirmation.example/update. Failure to respond may result in permanent suspension. Reference ID: PH-0388.",phishing,1
phishing-0493,security@cloud-storage-warning.net,Your Mailbox Storage Is Full,"Dear Customer, Your account has temporarily been suspended. Sign in to prevent permanent account closure: http://mailbox-validation.example/signin. Act immediately to avoid interruption of service. Reference ID: PH-0493.","Your Mailbox Storage Is Full Dear Customer, Your account has temporarily been suspended. Sign in to prevent permanent account closure: http://mailbox-validation.example/signin. Act immediately to avoid interruption of service. Reference ID: PH-0493.",phishing,1
phishing-0360,delivery@parcel-update-alert.com,Immediate Action Required,"Dear Customer, Your recent payment could not be processed. Validate your identity within 24 hours: http://payment-review.example/billing. Act immediately to avoid interruption of service. Reference ID: PH-0360.","Immediate Action Required Dear Customer, Your recent payment could not be processed. Validate your identity within 24 hours: http://payment-review.example/billing. Act immediately to avoid interruption of service. Reference ID: PH-0360.",phishing,1
safe-0223,team@project.example,Meeting Agenda for Tomorrow,"Hello, Your monthly statement is now available for review. No action is required at this time. Thank you, Human Resources. Message reference: SAFE-0223.","Meeting Agenda for Tomorrow Hello, Your monthly statement is now available for review. No action is required at this time. Thank you, Human Resources. Message reference: SAFE-0223.",safe,0
safe-0464,billing@subscription.example,Team Performance Summary,"Hello, Your monthly statement is now available for review. Your existing password and account settings remain unchanged. Regards, Account Services. Message reference: SAFE-0464.","Team Performance Summary Hello, Your monthly statement is now available for review. Your existing password and account settings remain unchanged. Regards, Account Services. Message reference: SAFE-0464.",safe,0
phishing-0461,service@urgent-account-check.com,Immediate Action Required,"Dear Customer, Your mailbox will be disabled because it has exceeded its storage limit. Unlock your account using the secure link: http://mailbox-validation.example/signin. This request will expire within 24 hours. Reference ID: PH-0461.","Immediate Action Required Dear Customer, Your mailbox will be disabled because it has exceeded its storage limit. Unlock your account using the secure link: http://mailbox-validation.example/signin. This request will expire within 24 hours. Reference ID: PH-0461.",phishing,1
phishing-0160,service@urgent-account-check.com,Confirm Your Banking Information,"Dear Customer, Your mailbox will be disabled because it has exceeded its storage limit. Verify your password and OTP immediately: http://secure-update.example/confirm-password. Ignoring this message may result in account closure. Reference ID: PH-0160.","Confirm Your Banking Information Dear Customer, Your mailbox will be disabled because it has exceeded its storage limit. Verify your password and OTP immediately: http://secure-update.example/confirm-password. Ignoring this message may result in account closure. Reference ID: PH-0160.",phishing,1
safe-0004,billing@subscription.example,Weekly Project Update,"Hello, This is a reminder about the scheduled team meeting. You can review the information from your normal account dashboard. Sincerely, Customer Support. Message reference: SAFE-0004.","Weekly Project Update Hello, This is a reminder about the scheduled team meeting. You can review the information from your normal account dashboard. Sincerely, Customer Support. Message reference: SAFE-0004.",safe,0
phishing-0030,helpdesk@password-confirmation.net,Your Account Has Been Suspended,"Dear Customer, Your account has temporarily been suspended. Update your payment information: http://delivery-confirmation.example/update. Act immediately to avoid interruption of service. Reference ID: PH-0030.","Your Account Has Been Suspended Dear Customer, Your account has temporarily been suspended. Update your payment information: http://delivery-confirmation.example/update. Act immediately to avoid interruption of service. Reference ID: PH-0030.",phishing,1
phishing-0407,security@cloud-storage-warning.net,Your Account Has Been Suspended,"Dear Customer, Your identity information requires immediate verification. Update your payment information: http://payment-review.example/billing. Act immediately to avoid interruption of service. Reference ID: PH-0407.","Your Account Has Been Suspended Dear Customer, Your identity information requires immediate verification. Update your payment information: http://payment-review.example/billing. Act immediately to avoid interruption of service. Reference ID: PH-0407.",phishing,1
phishing-0041,helpdesk@password-confirmation.net,Package Delivery Failed,"Dear Customer, Your identity information requires immediate verification. Unlock your account using the secure link: http://reward-claim.example/winner. Ignoring this message may result in account closure. Reference ID: PH-0041.","Package Delivery Failed Dear Customer, Your identity information requires immediate verification. Unlock your account using the secure link: http://reward-claim.example/winner. Ignoring this message may result in account closure. Reference ID: PH-0041.",phishing,1
phishing-0039,security@cloud-storage-warning.net,Package Delivery Failed,"Dear Customer, Your account has temporarily been suspended. Unlock your account using the secure link: http://payment-review.example/billing. Act immediately to avoid interruption of service. Reference ID: PH-0039.","Package Delivery Failed Dear Customer, Your account has temporarily been suspended. Unlock your account using the secure link: http://payment-review.example/billing. Act immediately to avoid interruption of service. Reference ID: PH-0039.",phishing,1
safe-0474,billing@subscription.example,Monthly Subscription Receipt,"Hello, This is a reminder about the scheduled team meeting. The attached summary contains the latest approved information. Thanks, The Community Team. Message reference: SAFE-0474.","Monthly Subscription Receipt Hello, This is a reminder about the scheduled team meeting. The attached summary contains the latest approved information. Thanks, The Community Team. Message reference: SAFE-0474.",safe,0
phishing-0031,helpdesk@password-confirmation.net,Package Delivery Failed,"Dear Customer, You have been selected to receive a limited reward. Validate your identity within 24 hours: http://192.168.1.10/login/verify-account. Failure to respond may result in permanent suspension. Reference ID: PH-0031.","Package Delivery Failed Dear Customer, You have been selected to receive a limited reward. Validate your identity within 24 hours: http://192.168.1.10/login/verify-account. Failure to respond may result in permanent suspension. Reference ID: PH-0031.",phishing,1
safe-0295,events@community.example,Your Order Has Been Shipped,"Hello, This is a reminder about the scheduled team meeting. We appreciate your continued participation. Thank you, Human Resources. Message reference: SAFE-0295.","Your Order Has Been Shipped Hello, This is a reminder about the scheduled team meeting. We appreciate your continued participation. Thank you, Human Resources. Message reference: SAFE-0295.",safe,0
safe-0113,orders@shop.example,Employee Training Schedule,"Hello, Your order has been processed and shipped. The meeting will take place during normal business hours. Thanks, The Community Team. Message reference: SAFE-0113.","Employee Training Schedule Hello, Your order has been processed and shipped. The meeting will take place during normal business hours. Thanks, The Community Team. Message reference: SAFE-0113.",safe,0
safe-0486,manager@company.example,Reminder: Upcoming Team Meeting,"Hello, A new software update is available with performance improvements. No action is required at this time. Regards, Account Services. Message reference: SAFE-0486.","Reminder: Upcoming Team Meeting Hello, A new software update is available with performance improvements. No action is required at this time. Regards, Account Services. Message reference: SAFE-0486.",safe,0
phishing-0482,security@unknown-bank-alert.com,Final Warning: Account Will Be Closed,"Dear Customer, Your account has temporarily been suspended. Validate your identity within 24 hours: http://account-security-check.example/login. This request will expire within 24 hours. Reference ID: PH-0482.","Final Warning: Account Will Be Closed Dear Customer, Your account has temporarily been suspended. Validate your identity within 24 hours: http://account-security-check.example/login. This request will expire within 24 hours. Reference ID: PH-0482.",phishing,1
phishing-0137,helpdesk@password-confirmation.net,Final Warning: Account Will Be Closed,"Dear Customer, An unauthorized login attempt was detected. Confirm your delivery address: http://account-security-check.example/login. This is your final security warning. Reference ID: PH-0137.","Final Warning: Account Will Be Closed Dear Customer, An unauthorized login attempt was detected. Confirm your delivery address: http://account-security-check.example/login. This is your final security warning. Reference ID: PH-0137.",phishing,1
phishing-0443,notice@tax-refund-review.com,URGENT: Verify Your Account Immediately,"Dear Customer, Your package cannot be delivered until your address is confirmed. Unlock your account using the secure link: http://secure-update.example/confirm-password. Ignoring this message may result in account closure. Reference ID: PH-0443.","URGENT: Verify Your Account Immediately Dear Customer, Your package cannot be delivered until your address is confirmed. Unlock your account using the secure link: http://secure-update.example/confirm-password. Ignoring this message may result in account closure. Reference ID: PH-0443.",phishing,1
phishing-0074,delivery@parcel-update-alert.com,Final Warning: Account Will Be Closed,"Dear Customer, You have been selected to receive a limited reward. Validate your identity within 24 hours: http://192.168.1.10/login/verify-account. This request will expire within 24 hours. Reference ID: PH-0074.","Final Warning: Account Will Be Closed Dear Customer, You have been selected to receive a limited reward. Validate your identity within 24 hours: http://192.168.1.10/login/verify-account. This request will expire within 24 hours. Reference ID: PH-0074.",phishing,1
phishing-0050,admin@secure-login-update.com,Immediate Action Required,"Dear Customer, Your mailbox will be disabled because it has exceeded its storage limit. Update your payment information: http://payment-review.example/billing. Failure to respond may result in permanent suspension. Reference ID: PH-0050.","Immediate Action Required Dear Customer, Your mailbox will be disabled because it has exceeded its storage limit. Update your payment information: http://payment-review.example/billing. Failure to respond may result in permanent suspension. Reference ID: PH-0050.",phishing,1
phishing-0052,rewards@claim-prize-now.net,Your Payment Was Declined,"Dear Customer, Your recent payment could not be processed. Submit your banking information to receive the refund: http://payment-review.example/billing. Act immediately to avoid interruption of service. Reference ID: PH-0052.","Your Payment Was Declined Dear Customer, Your recent payment could not be processed. Submit your banking information to receive the refund: http://payment-review.example/billing. Act immediately to avoid interruption of service. Reference ID: PH-0052.",phishing,1
phishing-0083,security@cloud-storage-warning.net,Immediate Action Required,"Dear Customer, An unauthorized login attempt was detected. Validate your identity within 24 hours: http://192.168.1.10/login/verify-account. This is your final security warning. Reference ID: PH-0083.","Immediate Action Required Dear Customer, An unauthorized login attempt was detected. Validate your identity within 24 hours: http://192.168.1.10/login/verify-account. This is your final security warning. Reference ID: PH-0083.",phishing,1
safe-0054,updates@software.example,Your Order Has Been Shipped,"Hello, Thank you for subscribing to our newsletter. Your existing password and account settings remain unchanged. Best regards, Project Management. Message reference: SAFE-0054.","Your Order Has Been Shipped Hello, Thank you for subscribing to our newsletter. Your existing password and account settings remain unchanged. Best regards, Project Management. Message reference: SAFE-0054.",safe,0
safe-0164,events@community.example,Monthly Subscription Receipt,"Hello, Thank you for subscribing to our newsletter. You can review the information from your normal account dashboard. Thank you, Human Resources. Message reference: SAFE-0164.","Monthly Subscription Receipt Hello, Thank you for subscribing to our newsletter. You can review the information from your normal account dashboard. Thank you, Human Resources. Message reference: SAFE-0164.",safe,0
safe-0439,billing@subscription.example,Your Monthly Account Statement,"Hello, Thank you for subscribing to our newsletter. Your existing password and account settings remain unchanged. Regards, Account Services. Message reference: SAFE-0439.","Your Monthly Account Statement Hello, Thank you for subscribing to our newsletter. Your existing password and account settings remain unchanged. Regards, Account Services. Message reference: SAFE-0439.",safe,0
safe-0329,updates@software.example,Monthly Subscription Receipt,"Hello, A new software update is available with performance improvements. You may ignore this message if you have already completed the task. Best regards, Project Management. Message reference: SAFE-0329.","Monthly Subscription Receipt Hello, A new software update is available with performance improvements. You may ignore this message if you have already completed the task. Best regards, Project Management. Message reference: SAFE-0329.",safe,0
phishing-0342,helpdesk@password-confirmation.net,Tax Refund Confirmation Required,"Dear Customer, Your mailbox will be disabled because it has exceeded its storage limit. Confirm your account information now: http://192.168.1.10/login/verify-account. This is your final security warning. Reference ID: PH-0342.","Tax Refund Confirmation Required Dear Customer, Your mailbox will be disabled because it has exceeded its storage limit. Confirm your account information now: http://192.168.1.10/login/verify-account. This is your final security warning. Reference ID: PH-0342.",phishing,1
phishing-0283,admin@secure-login-update.com,Your Account Has Been Suspended,"Dear Customer, We detected suspicious activity on your account. Update your payment information: http://192.168.1.10/login/verify-account. This request will expire within 24 hours. Reference ID: PH-0283.","Your Account Has Been Suspended Dear Customer, We detected suspicious activity on your account. Update your payment information: http://192.168.1.10/login/verify-account. This request will expire within 24 hours. Reference ID: PH-0283.",phishing,1
safe-0228,updates@software.example,Employee Training Schedule,"Hello, Your order has been processed and shipped. You can review the information from your normal account dashboard. Thanks, The Community Team. Message reference: SAFE-0228.","Employee Training Schedule Hello, Your order has been processed and shipped. You can review the information from your normal account dashboard. Thanks, The Community Team. Message reference: SAFE-0228.",safe,0
safe-0191,team@project.example,Employee Training Schedule,"Hello, Thank you for subscribing to our newsletter. No action is required at this time. Regards, The Support Team. Message reference: SAFE-0191.","Employee Training Schedule Hello, Thank you for subscribing to our newsletter. No action is required at this time. Regards, The Support Team. Message reference: SAFE-0191.",safe,0
safe-0303,support@trusted-service.example,Team Performance Summary,"Hello, The project team completed this week's planned activities. Your existing password and account settings remain unchanged. Thank you, Human Resources. Message reference: SAFE-0303.","Team Performance Summary Hello, The project team completed this week's planned activities. Your existing password and account settings remain unchanged. Thank you, Human Resources. Message reference: SAFE-0303.",safe,0
phishing-0197,rewards@claim-prize-now.net,Your Payment Was Declined,"Dear Customer, Your package cannot be delivered until your address is confirmed. Confirm your account information now: http://mailbox-validation.example/signin. Failure to respond may result in permanent suspension. Reference ID: PH-0197.","Your Payment Was Declined Dear Customer, Your package cannot be delivered until your address is confirmed. Confirm your account information now: http://mailbox-validation.example/signin. Failure to respond may result in permanent suspension. Reference ID: PH-0197.",phishing,1
phishing-0134,notice@tax-refund-review.com,Final Warning: Account Will Be Closed,"Dear Customer, We detected suspicious activity on your account. Submit your banking information to receive the refund: http://payment-review.example/billing. Act immediately to avoid interruption of service. Reference ID: PH-0134.","Final Warning: Account Will Be Closed Dear Customer, We detected suspicious activity on your account. Submit your banking information to receive the refund: http://payment-review.example/billing. Act immediately to avoid interruption of service. Reference ID: PH-0134.",phishing,1
phishing-0401,billing@payment-review-alert.com,Final Warning: Account Will Be Closed,"Dear Customer, Your package cannot be delivered until your address is confirmed. Sign in to prevent permanent account closure: http://mailbox-validation.example/signin. This is your final security warning. Reference ID: PH-0401.","Final Warning: Account Will Be Closed Dear Customer, Your package cannot be delivered until your address is confirmed. Sign in to prevent permanent account closure: http://mailbox-validation.example/signin. This is your final security warning. Reference ID: PH-0401.",phishing,1
safe-0012,updates@software.example,Your Monthly Account Statement,"Hello, This is a reminder about the scheduled team meeting. No action is required at this time. Regards, Account Services. Message reference: SAFE-0012.","Your Monthly Account Statement Hello, This is a reminder about the scheduled team meeting. No action is required at this time. Regards, Account Services. Message reference: SAFE-0012.",safe,0
safe-0120,support@trusted-service.example,Your Monthly Account Statement,"Hello, A new software update is available with performance improvements. You can review the information from your normal account dashboard. Thank you, Human Resources. Message reference: SAFE-0120.","Your Monthly Account Statement Hello, A new software update is available with performance improvements. You can review the information from your normal account dashboard. Thank you, Human Resources. Message reference: SAFE-0120.",safe,0
phishing-0374,notice@tax-refund-review.com,Your Mailbox Storage Is Full,"Dear Customer, You have been selected to receive a limited reward. Confirm your delivery address: http://refund-processing.example/verify. Failure to respond may result in permanent suspension. Reference ID: PH-0374.","Your Mailbox Storage Is Full Dear Customer, You have been selected to receive a limited reward. Confirm your delivery address: http://refund-processing.example/verify. Failure to respond may result in permanent suspension. Reference ID: PH-0374.",phishing,1
phishing-0349,notice@tax-refund-review.com,Your Account Has Been Suspended,"Dear Customer, Your mailbox will be disabled because it has exceeded its storage limit. Validate your identity within 24 hours: http://mailbox-validation.example/signin. Failure to respond may result in permanent suspension. Reference ID: PH-0349.","Your Account Has Been Suspended Dear Customer, Your mailbox will be disabled because it has exceeded its storage limit. Validate your identity within 24 hours: http://mailbox-validation.example/signin. Failure to respond may result in permanent suspension. Reference ID: PH-0349.",phishing,1
phishing-0361,delivery@parcel-update-alert.com,Immediate Action Required,"Dear Customer, You have been selected to receive a limited reward. Confirm your delivery address: http://payment-review.example/billing. Failure to respond may result in permanent suspension. Reference ID: PH-0361.","Immediate Action Required Dear Customer, You have been selected to receive a limited reward. Confirm your delivery address: http://payment-review.example/billing. Failure to respond may result in permanent suspension. Reference ID: PH-0361.",phishing,1
phishing-0153,delivery@parcel-update-alert.com,Final Warning: Account Will Be Closed,"Dear Customer, You have been selected to receive a limited reward. Update your payment information: http://secure-update.example/confirm-password. Failure to respond may result in permanent suspension. Reference ID: PH-0153.","Final Warning: Account Will Be Closed Dear Customer, You have been selected to receive a limited reward. Update your payment information: http://secure-update.example/confirm-password. Failure to respond may result in permanent suspension. Reference ID: PH-0153.",phishing,1
phishing-0218,notice@tax-refund-review.com,Confirm Your Banking Information,"Dear Customer, Your identity information requires immediate verification. Unlock your account using the secure link: http://refund-processing.example/verify. This is your final security warning. Reference ID: PH-0218.","Confirm Your Banking Information Dear Customer, Your identity information requires immediate verification. Unlock your account using the secure link: http://refund-processing.example/verify. This is your final security warning. Reference ID: PH-0218.",phishing,1
safe-0176,team@project.example,Community Event Invitation,"Hello, Your order has been processed and shipped. No action is required at this time. Regards, The Support Team. Message reference: SAFE-0176.","Community Event Invitation Hello, Your order has been processed and shipped. No action is required at this time. Regards, The Support Team. Message reference: SAFE-0176.",safe,0
safe-0476,newsletter@company.example,Employee Training Schedule,"Hello, A new software update is available with performance improvements. Please contact your manager if you have any questions. Regards, The Support Team. Message reference: SAFE-0476.","Employee Training Schedule Hello, A new software update is available with performance improvements. Please contact your manager if you have any questions. Regards, The Support Team. Message reference: SAFE-0476.",safe,0
phishing-0271,billing@payment-review-alert.com,Your Payment Was Declined,"Dear Customer, Your account has temporarily been suspended. Confirm your account information now: http://192.168.1.10/login/verify-account. This request will expire within 24 hours. Reference ID: PH-0271.","Your Payment Was Declined Dear Customer, Your account has temporarily been suspended. Confirm your account information now: http://192.168.1.10/login/verify-account. This request will expire within 24 hours. Reference ID: PH-0271.",phishing,1
phishing-0002,security@unknown-bank-alert.com,Your Account Has Been Suspended,"Dear Customer, Your recent payment could not be processed. Sign in to prevent permanent account closure: http://192.168.1.10/login/verify-account. This is your final security warning. Reference ID: PH-0002.","Your Account Has Been Suspended Dear Customer, Your recent payment could not be processed. Sign in to prevent permanent account closure: http://192.168.1.10/login/verify-account. This is your final security warning. Reference ID: PH-0002.",phishing,1
safe-0366,updates@software.example,Community Event Invitation,"Hello, This is a reminder about the scheduled team meeting. Your existing password and account settings remain unchanged. Thank you, Human Resources. Message reference: SAFE-0366.","Community Event Invitation Hello, This is a reminder about the scheduled team meeting. Your existing password and account settings remain unchanged. Thank you, Human Resources. Message reference: SAFE-0366.",safe,0
safe-0134,orders@shop.example,Reminder: Upcoming Team Meeting,"Hello, Your monthly statement is now available for review. No action is required at this time. Sincerely, Customer Support. Message reference: SAFE-0134.","Reminder: Upcoming Team Meeting Hello, Your monthly statement is now available for review. No action is required at this time. Sincerely, Customer Support. Message reference: SAFE-0134.",safe,0
phishing-0222,delivery@parcel-update-alert.com,Claim Your Reward Before It Expires,"Dear Customer, An unauthorized login attempt was detected. Confirm your delivery address: http://secure-update.example/confirm-password. This request will expire within 24 hours. Reference ID: PH-0222.","Claim Your Reward Before It Expires Dear Customer, An unauthorized login attempt was detected. Confirm your delivery address: http://secure-update.example/confirm-password. This request will expire within 24 hours. Reference ID: PH-0222.",phishing,1
safe-0183,orders@shop.example,Welcome to Our Newsletter,"Hello, Here is the latest update from our team. Your existing password and account settings remain unchanged. Thank you, Human Resources. Message reference: SAFE-0183.","Welcome to Our Newsletter Hello, Here is the latest update from our team. Your existing password and account settings remain unchanged. Thank you, Human Resources. Message reference: SAFE-0183.",safe,0
phishing-0275,delivery@parcel-update-alert.com,Immediate Action Required,"Dear Customer, Your account has temporarily been suspended. Confirm your account information now: http://secure-update.example/confirm-password. Failure to respond may result in permanent suspension. Reference ID: PH-0275.","Immediate Action Required Dear Customer, Your account has temporarily been suspended. Confirm your account information now: http://secure-update.example/confirm-password. Failure to respond may result in permanent suspension. Reference ID: PH-0275.",phishing,1
safe-0118,manager@company.example,Welcome to Our Newsletter,"Hello, This message contains the agenda for our upcoming meeting. You may ignore this message if you have already completed the task. Thanks, The Community Team. Message reference: SAFE-0118.","Welcome to Our Newsletter Hello, This message contains the agenda for our upcoming meeting. You may ignore this message if you have already completed the task. Thanks, The Community Team. Message reference: SAFE-0118.",safe,0
phishing-0471,support@account-verification.net,Your Payment Was Declined,"Dear Customer, Your recent payment could not be processed. Verify your password and OTP immediately: http://192.168.1.10/login/verify-account. This is your final security warning. Reference ID: PH-0471.","Your Payment Was Declined Dear Customer, Your recent payment could not be processed. Verify your password and OTP immediately: http://192.168.1.10/login/verify-account. This is your final security warning. Reference ID: PH-0471.",phishing,1
phishing-0186,admin@secure-login-update.com,Package Delivery Failed,"Dear Customer, Your recent payment could not be processed. Confirm your delivery address: http://refund-processing.example/verify. This is your final security warning. Reference ID: PH-0186.","Package Delivery Failed Dear Customer, Your recent payment could not be processed. Confirm your delivery address: http://refund-processing.example/verify. This is your final security warning. Reference ID: PH-0186.",phishing,1
safe-0053,notifications@calendar.example,Weekly Project Update,"Hello, A new software update is available with performance improvements. No action is required at this time. Regards, The Support Team. Message reference: SAFE-0053.","Weekly Project Update Hello, A new software update is available with performance improvements. No action is required at this time. Regards, The Support Team. Message reference: SAFE-0053.",safe,0
safe-0264,support@trusted-service.example,Thank You for Your Feedback,"Hello, Your order has been processed and shipped. The attached summary contains the latest approved information. Regards, Account Services. Message reference: SAFE-0264.","Thank You for Your Feedback Hello, Your order has been processed and shipped. The attached summary contains the latest approved information. Regards, Account Services. Message reference: SAFE-0264.",safe,0
phishing-0274,admin@secure-login-update.com,Your Account Has Been Suspended,"Dear Customer, We detected suspicious activity on your account. Update your payment information: http://refund-processing.example/verify. Act immediately to avoid interruption of service. Reference ID: PH-0274.","Your Account Has Been Suspended Dear Customer, We detected suspicious activity on your account. Update your payment information: http://refund-processing.example/verify. Act immediately to avoid interruption of service. Reference ID: PH-0274.",phishing,1
phishing-0133,delivery@parcel-update-alert.com,URGENT: Verify Your Account Immediately,"Dear Customer, We detected suspicious activity on your account. Confirm your delivery address: http://delivery-confirmation.example/update. Failure to respond may result in permanent suspension. Reference ID: PH-0133.","URGENT: Verify Your Account Immediately Dear Customer, We detected suspicious activity on your account. Confirm your delivery address: http://delivery-confirmation.example/update. Failure to respond may result in permanent suspension. Reference ID: PH-0133.",phishing,1
phishing-0211,helpdesk@password-confirmation.net,Immediate Action Required,"Dear Customer, Your package cannot be delivered until your address is confirmed. Confirm your delivery address: http://payment-review.example/billing. Act immediately to avoid interruption of service. Reference ID: PH-0211.","Immediate Action Required Dear Customer, Your package cannot be delivered until your address is confirmed. Confirm your delivery address: http://payment-review.example/billing. Act immediately to avoid interruption of service. Reference ID: PH-0211.",phishing,1
safe-0326,notifications@calendar.example,Software Update Release Notes,"Hello, Thank you for subscribing to our newsletter. No action is required at this time. Sincerely, Customer Support. Message reference: SAFE-0326.","Software Update Release Notes Hello, Thank you for subscribing to our newsletter. No action is required at this time. Sincerely, Customer Support. Message reference: SAFE-0326.",safe,0
phishing-0224,notice@tax-refund-review.com,Claim Your Reward Before It Expires,"Dear Customer, Your package cannot be delivered until your address is confirmed. Verify your password and OTP immediately: http://refund-processing.example/verify. Ignoring this message may result in account closure. Reference ID: PH-0224.","Claim Your Reward Before It Expires Dear Customer, Your package cannot be delivered until your address is confirmed. Verify your password and OTP immediately: http://refund-processing.example/verify. Ignoring this message may result in account closure. Reference ID: PH-0224.",phishing,1
phishing-0416,billing@payment-review-alert.com,Your Payment Was Declined,"Dear Customer, Your package cannot be delivered until your address is confirmed. Confirm your account information now: http://refund-processing.example/verify. Ignoring this message may result in account closure. Reference ID: PH-0416.","Your Payment Was Declined Dear Customer, Your package cannot be delivered until your address is confirmed. Confirm your account information now: http://refund-processing.example/verify. Ignoring this message may result in account closure. Reference ID: PH-0416.",phishing,1
safe-0037,events@community.example,Employee Training Schedule,"Hello, A new software update is available with performance improvements. You may ignore this message if you have already completed the task. Regards, The Support Team. Message reference: SAFE-0037.","Employee Training Schedule Hello, A new software update is available with performance improvements. You may ignore this message if you have already completed the task. Regards, The Support Team. Message reference: SAFE-0037.",safe,0
phishing-0366,admin@secure-login-update.com,Your Account Has Been Suspended,"Dear Customer, An unauthorized login attempt was detected. Verify your password and OTP immediately: http://secure-update.example/confirm-password. Failure to respond may result in permanent suspension. Reference ID: PH-0366.","Your Account Has Been Suspended Dear Customer, An unauthorized login attempt was detected. Verify your password and OTP immediately: http://secure-update.example/confirm-password. Failure to respond may result in permanent suspension. Reference ID: PH-0366.",phishing,1
phishing-0494,delivery@parcel-update-alert.com,Your Mailbox Storage Is Full,"Dear Customer, We detected suspicious activity on your account. Unlock your account using the secure link: http://delivery-confirmation.example/update. Failure to respond may result in permanent suspension. Reference ID: PH-0494.","Your Mailbox Storage Is Full Dear Customer, We detected suspicious activity on your account. Unlock your account using the secure link: http://delivery-confirmation.example/update. Failure to respond may result in permanent suspension. Reference ID: PH-0494.",phishing,1
phishing-0080,service@urgent-account-check.com,Your Payment Was Declined,"Dear Customer, You have been selected to receive a limited reward. Validate your identity within 24 hours: http://mailbox-validation.example/signin. This is your final security warning. Reference ID: PH-0080.","Your Payment Was Declined Dear Customer, You have been selected to receive a limited reward. Validate your identity within 24 hours: http://mailbox-validation.example/signin. This is your final security warning. Reference ID: PH-0080.",phishing,1
phishing-0252,rewards@claim-prize-now.net,Your Payment Was Declined,"Dear Customer, We detected suspicious activity on your account. Sign in to prevent permanent account closure: http://payment-review.example/billing. Act immediately to avoid interruption of service. Reference ID: PH-0252.","Your Payment Was Declined Dear Customer, We detected suspicious activity on your account. Sign in to prevent permanent account closure: http://payment-review.example/billing. Act immediately to avoid interruption of service. Reference ID: PH-0252.",phishing,1
safe-0224,newsletter@company.example,Weekly Project Update,"Hello, A new software update is available with performance improvements. No action is required at this time. Regards, The Support Team. Message reference: SAFE-0224.","Weekly Project Update Hello, A new software update is available with performance improvements. No action is required at this time. Regards, The Support Team. Message reference: SAFE-0224.",safe,0
safe-0188,events@community.example,Monthly Subscription Receipt,"Hello, The project team completed this week's planned activities. We appreciate your continued participation. Regards, The Support Team. Message reference: SAFE-0188.","Monthly Subscription Receipt Hello, The project team completed this week's planned activities. We appreciate your continued participation. Regards, The Support Team. Message reference: SAFE-0188.",safe,0
phishing-0332,helpdesk@password-confirmation.net,Your Payment Was Declined,"Dear Customer, An unauthorized login attempt was detected. Unlock your account using the secure link: http://192.168.1.10/login/verify-account. Ignoring this message may result in account closure. Reference ID: PH-0332.","Your Payment Was Declined Dear Customer, An unauthorized login attempt was detected. Unlock your account using the secure link: http://192.168.1.10/login/verify-account. Ignoring this message may result in account closure. Reference ID: PH-0332.",phishing,1
phishing-0457,service@urgent-account-check.com,Confirm Your Banking Information,"Dear Customer, You have been selected to receive a limited reward. Submit your banking information to receive the refund: http://delivery-confirmation.example/update. This is your final security warning. Reference ID: PH-0457.","Confirm Your Banking Information Dear Customer, You have been selected to receive a limited reward. Submit your banking information to receive the refund: http://delivery-confirmation.example/update. This is your final security warning. Reference ID: PH-0457.",phishing,1
safe-0348,orders@shop.example,Community Event Invitation,"Hello, This message contains the agenda for our upcoming meeting. Your existing password and account settings remain unchanged. Thank you, Human Resources. Message reference: SAFE-0348.","Community Event Invitation Hello, This message contains the agenda for our upcoming meeting. Your existing password and account settings remain unchanged. Thank you, Human Resources. Message reference: SAFE-0348.",safe,0
safe-0049,billing@subscription.example,Your Order Has Been Shipped,"Hello, Your order has been processed and shipped. You can review the information from your normal account dashboard. Thank you, Human Resources. Message reference: SAFE-0049.","Your Order Has Been Shipped Hello, Your order has been processed and shipped. You can review the information from your normal account dashboard. Thank you, Human Resources. Message reference: SAFE-0049.",safe,0
phishing-0040,notice@tax-refund-review.com,Tax Refund Confirmation Required,"Dear Customer, Your recent payment could not be processed. Confirm your delivery address: http://mailbox-validation.example/signin. Failure to respond may result in permanent suspension. Reference ID: PH-0040.","Tax Refund Confirmation Required Dear Customer, Your recent payment could not be processed. Confirm your delivery address: http://mailbox-validation.example/signin. Failure to respond may result in permanent suspension. Reference ID: PH-0040.",phishing,1
phishing-0359,security@cloud-storage-warning.net,Final Warning: Account Will Be Closed,"Dear Customer, An unauthorized login attempt was detected. Unlock your account using the secure link: http://account-security-check.example/login. This is your final security warning. Reference ID: PH-0359.","Final Warning: Account Will Be Closed Dear Customer, An unauthorized login attempt was detected. Unlock your account using the secure link: http://account-security-check.example/login. This is your final security warning. Reference ID: PH-0359.",phishing,1
safe-0232,manager@company.example,Reminder: Upcoming Team Meeting,"Hello, Thank you for subscribing to our newsletter. You may ignore this message if you have already completed the task. Thanks, The Community Team. Message reference: SAFE-0232.","Reminder: Upcoming Team Meeting Hello, Thank you for subscribing to our newsletter. You may ignore this message if you have already completed the task. Thanks, The Community Team. Message reference: SAFE-0232.",safe,0
safe-0124,updates@software.example,Community Event Invitation,"Hello, Here is the latest update from our team. No action is required at this time. Thank you, Human Resources. Message reference: SAFE-0124.","Community Event Invitation Hello, Here is the latest update from our team. No action is required at this time. Thank you, Human Resources. Message reference: SAFE-0124.",safe,0
safe-0205,newsletter@company.example,Team Performance Summary,"Hello, A new software update is available with performance improvements. Please contact your manager if you have any questions. Thank you, Human Resources. Message reference: SAFE-0205.","Team Performance Summary Hello, A new software update is available with performance improvements. Please contact your manager if you have any questions. Thank you, Human Resources. Message reference: SAFE-0205.",safe,0
safe-0337,notifications@calendar.example,Software Update Release Notes,"Hello, This message contains the agenda for our upcoming meeting. No action is required at this time. Thank you, Human Resources. Message reference: SAFE-0337.","Software Update Release Notes Hello, This message contains the agenda for our upcoming meeting. No action is required at this time. Thank you, Human Resources. Message reference: SAFE-0337.",safe,0
phishing-0338,service@urgent-account-check.com,Claim Your Reward Before It Expires,"Dear Customer, You have been selected to receive a limited reward. Update your payment information: http://refund-processing.example/verify. This is your final security warning. Reference ID: PH-0338.","Claim Your Reward Before It Expires Dear Customer, You have been selected to receive a limited reward. Update your payment information: http://refund-processing.example/verify. This is your final security warning. Reference ID: PH-0338.",phishing,1
phishing-0402,helpdesk@password-confirmation.net,Immediate Action Required,"Dear Customer, Your account has temporarily been suspended. Update your payment information: http://192.168.1.10/login/verify-account. This is your final security warning. Reference ID: PH-0402.","Immediate Action Required Dear Customer, Your account has temporarily been suspended. Update your payment information: http://192.168.1.10/login/verify-account. This is your final security warning. Reference ID: PH-0402.",phishing,1
safe-0024,team@project.example,Weekly Project Update,"Hello, Here is the latest update from our team. You may ignore this message if you have already completed the task. Regards, The Support Team. Message reference: SAFE-0024.","Weekly Project Update Hello, Here is the latest update from our team. You may ignore this message if you have already completed the task. Regards, The Support Team. Message reference: SAFE-0024.",safe,0
phishing-0384,helpdesk@password-confirmation.net,Immediate Action Required,"Dear Customer, We detected suspicious activity on your account. Confirm your delivery address: http://refund-processing.example/verify. Failure to respond may result in permanent suspension. Reference ID: PH-0384.","Immediate Action Required Dear Customer, We detected suspicious activity on your account. Confirm your delivery address: http://refund-processing.example/verify. Failure to respond may result in permanent suspension. Reference ID: PH-0384.",phishing,1
safe-0052,updates@software.example,Reminder: Upcoming Team Meeting,"Hello, Here is the latest update from our team. The meeting will take place during normal business hours. Best regards, Project Management. Message reference: SAFE-0052.","Reminder: Upcoming Team Meeting Hello, Here is the latest update from our team. The meeting will take place during normal business hours. Best regards, Project Management. Message reference: SAFE-0052.",safe,0
phishing-0485,security@cloud-storage-warning.net,Claim Your Reward Before It Expires,"Dear Customer, Your package cannot be delivered until your address is confirmed. Confirm your delivery address: http://reward-claim.example/winner. Act immediately to avoid interruption of service. Reference ID: PH-0485.","Claim Your Reward Before It Expires Dear Customer, Your package cannot be delivered until your address is confirmed. Confirm your delivery address: http://reward-claim.example/winner. Act immediately to avoid interruption of service. Reference ID: PH-0485.",phishing,1
safe-0427,events@community.example,Thank You for Your Feedback,"Hello, A new software update is available with performance improvements. Please contact your manager if you have any questions. Regards, Account Services. Message reference: SAFE-0427.","Thank You for Your Feedback Hello, A new software update is available with performance improvements. Please contact your manager if you have any questions. Regards, Account Services. Message reference: SAFE-0427.",safe,0
safe-0201,orders@shop.example,Meeting Agenda for Tomorrow,"Hello, This is a reminder about the scheduled team meeting. You may ignore this message if you have already completed the task. Regards, The Support Team. Message reference: SAFE-0201.","Meeting Agenda for Tomorrow Hello, This is a reminder about the scheduled team meeting. You may ignore this message if you have already completed the task. Regards, The Support Team. Message reference: SAFE-0201.",safe,0
safe-0260,events@community.example,Monthly Subscription Receipt,"Hello, Here is the latest update from our team. Your existing password and account settings remain unchanged. Thanks, The Community Team. Message reference: SAFE-0260.","Monthly Subscription Receipt Hello, Here is the latest update from our team. Your existing password and account settings remain unchanged. Thanks, The Community Team. Message reference: SAFE-0260.",safe,0
safe-0268,newsletter@company.example,Meeting Agenda for Tomorrow,"Hello, This is a reminder about the scheduled team meeting. No action is required at this time. Regards, The Support Team. Message reference: SAFE-0268.","Meeting Agenda for Tomorrow Hello, This is a reminder about the scheduled team meeting. No action is required at this time. Regards, The Support Team. Message reference: SAFE-0268.",safe,0
safe-0298,hr@company.example,Thank You for Your Feedback,"Hello, Thank you for subscribing to our newsletter. You may ignore this message if you have already completed the task. Sincerely, Customer Support. Message reference: SAFE-0298.","Thank You for Your Feedback Hello, Thank you for subscribing to our newsletter. You may ignore this message if you have already completed the task. Sincerely, Customer Support. Message reference: SAFE-0298.",safe,0
safe-0291,team@project.example,Monthly Subscription Receipt,"Hello, Your order has been processed and shipped. No action is required at this time. Best regards, Project Management. Message reference: SAFE-0291.","Monthly Subscription Receipt Hello, Your order has been processed and shipped. No action is required at this time. Best regards, Project Management. Message reference: SAFE-0291.",safe,0
phishing-0135,support@account-verification.net,Confirm Your Banking Information,"Dear Customer, Your account has temporarily been suspended. Update your payment information: http://192.168.1.10/login/verify-account. This request will expire within 24 hours. Reference ID: PH-0135.","Confirm Your Banking Information Dear Customer, Your account has temporarily been suspended. Update your payment information: http://192.168.1.10/login/verify-account. This request will expire within 24 hours. Reference ID: PH-0135.",phishing,1
safe-0489,orders@shop.example,Software Update Release Notes,"Hello, Thank you for subscribing to our newsletter. You can review the information from your normal account dashboard. Regards, Account Services. Message reference: SAFE-0489.","Software Update Release Notes Hello, Thank you for subscribing to our newsletter. You can review the information from your normal account dashboard. Regards, Account Services. Message reference: SAFE-0489.",safe,0
phishing-0078,support@account-verification.net,Immediate Action Required,"Dear Customer, We detected suspicious activity on your account. Validate your identity within 24 hours: http://192.168.1.10/login/verify-account. This request will expire within 24 hours. Reference ID: PH-0078.","Immediate Action Required Dear Customer, We detected suspicious activity on your account. Validate your identity within 24 hours: http://192.168.1.10/login/verify-account. This request will expire within 24 hours. Reference ID: PH-0078.",phishing,1
phishing-0244,rewards@claim-prize-now.net,Your Payment Was Declined,"Dear Customer, Your account has temporarily been suspended. Submit your banking information to receive the refund: http://refund-processing.example/verify. This is your final security warning. Reference ID: PH-0244.","Your Payment Was Declined Dear Customer, Your account has temporarily been suspended. Submit your banking information to receive the refund: http://refund-processing.example/verify. This is your final security warning. Reference ID: PH-0244.",phishing,1
safe-0354,billing@subscription.example,Team Performance Summary,"Hello, This is a reminder about the scheduled team meeting. You may ignore this message if you have already completed the task. Sincerely, Customer Support. Message reference: SAFE-0354.","Team Performance Summary Hello, This is a reminder about the scheduled team meeting. You may ignore this message if you have already completed the task. Sincerely, Customer Support. Message reference: SAFE-0354.",safe,0
safe-0405,events@community.example,Welcome to Our Newsletter,"Hello, Thank you for subscribing to our newsletter. The meeting will take place during normal business hours. Best regards, Project Management. Message reference: SAFE-0405.","Welcome to Our Newsletter Hello, Thank you for subscribing to our newsletter. The meeting will take place during normal business hours. Best regards, Project Management. Message reference: SAFE-0405.",safe,0
phishing-0480,security@cloud-storage-warning.net,Final Warning: Account Will Be Closed,"Dear Customer, Your identity information requires immediate verification. Verify your password and OTP immediately: http://reward-claim.example/winner. This request will expire within 24 hours. Reference ID: PH-0480.","Final Warning: Account Will Be Closed Dear Customer, Your identity information requires immediate verification. Verify your password and OTP immediately: http://reward-claim.example/winner. This request will expire within 24 hours. Reference ID: PH-0480.",phishing,1
phishing-0315,service@urgent-account-check.com,Your Mailbox Storage Is Full,"Dear Customer, Your recent payment could not be processed. Confirm your account information now: http://refund-processing.example/verify. This request will expire within 24 hours. Reference ID: PH-0315.","Your Mailbox Storage Is Full Dear Customer, Your recent payment could not be processed. Confirm your account information now: http://refund-processing.example/verify. This request will expire within 24 hours. Reference ID: PH-0315.",phishing,1
phishing-0398,support@account-verification.net,Confirm Your Banking Information,"Dear Customer, Your account has temporarily been suspended. Validate your identity within 24 hours: http://delivery-confirmation.example/update. This is your final security warning. Reference ID: PH-0398.","Confirm Your Banking Information Dear Customer, Your account has temporarily been suspended. Validate your identity within 24 hours: http://delivery-confirmation.example/update. This is your final security warning. Reference ID: PH-0398.",phishing,1
phishing-0293,admin@secure-login-update.com,Final Warning: Account Will Be Closed,"Dear Customer, Your identity information requires immediate verification. Confirm your account information now: http://192.168.1.10/login/verify-account. This request will expire within 24 hours. Reference ID: PH-0293.","Final Warning: Account Will Be Closed Dear Customer, Your identity information requires immediate verification. Confirm your account information now: http://192.168.1.10/login/verify-account. This request will expire within 24 hours. Reference ID: PH-0293.",phishing,1
phishing-0045,billing@payment-review-alert.com,Claim Your Reward Before It Expires,"Dear Customer, Your account has temporarily been suspended. Submit your banking information to receive the refund: http://mailbox-validation.example/signin. This is your final security warning. Reference ID: PH-0045.","Claim Your Reward Before It Expires Dear Customer, Your account has temporarily been suspended. Submit your banking information to receive the refund: http://mailbox-validation.example/signin. This is your final security warning. Reference ID: PH-0045.",phishing,1
safe-0396,team@project.example,Team Performance Summary,"Hello, A new software update is available with performance improvements. The meeting will take place during normal business hours. Sincerely, Customer Support. Message reference: SAFE-0396.","Team Performance Summary Hello, A new software update is available with performance improvements. The meeting will take place during normal business hours. Sincerely, Customer Support. Message reference: SAFE-0396.",safe,0
phishing-0140,admin@secure-login-update.com,Your Account Has Been Suspended,"Dear Customer, Your identity information requires immediate verification. Confirm your account information now: http://192.168.1.10/login/verify-account. Act immediately to avoid interruption of service. Reference ID: PH-0140.","Your Account Has Been Suspended Dear Customer, Your identity information requires immediate verification. Confirm your account information now: http://192.168.1.10/login/verify-account. Act immediately to avoid interruption of service. Reference ID: PH-0140.",phishing,1
phishing-0017,delivery@parcel-update-alert.com,Your Account Has Been Suspended,"Dear Customer, Your recent payment could not be processed. Sign in to prevent permanent account closure: http://account-security-check.example/login. Act immediately to avoid interruption of service. Reference ID: PH-0017.","Your Account Has Been Suspended Dear Customer, Your recent payment could not be processed. Sign in to prevent permanent account closure: http://account-security-check.example/login. Act immediately to avoid interruption of service. Reference ID: PH-0017.",phishing,1
phishing-0162,notice@tax-refund-review.com,Your Payment Was Declined,"Dear Customer, Your account has temporarily been suspended. Validate your identity within 24 hours: http://delivery-confirmation.example/update. Ignoring this message may result in account closure. Reference ID: PH-0162.","Your Payment Was Declined Dear Customer, Your account has temporarily been suspended. Validate your identity within 24 hours: http://delivery-confirmation.example/update. Ignoring this message may result in account closure. Reference ID: PH-0162.",phishing,1
phishing-0444,security@unknown-bank-alert.com,URGENT: Verify Your Account Immediately,"Dear Customer, Your recent payment could not be processed. Unlock your account using the secure link: http://account-security-check.example/login. Act immediately to avoid interruption of service. Reference ID: PH-0444.","URGENT: Verify Your Account Immediately Dear Customer, Your recent payment could not be processed. Unlock your account using the secure link: http://account-security-check.example/login. Act immediately to avoid interruption of service. Reference ID: PH-0444.",phishing,1
safe-0060,events@community.example,Employee Training Schedule,"Hello, This is a reminder about the scheduled team meeting. Please contact your manager if you have any questions. Sincerely, Customer Support. Message reference: SAFE-0060.","Employee Training Schedule Hello, This is a reminder about the scheduled team meeting. Please contact your manager if you have any questions. Sincerely, Customer Support. Message reference: SAFE-0060.",safe,0
safe-0096,team@project.example,Software Update Release Notes,"Hello, This is a reminder about the scheduled team meeting. You can review the information from your normal account dashboard. Thank you, Human Resources. Message reference: SAFE-0096.","Software Update Release Notes Hello, This is a reminder about the scheduled team meeting. You can review the information from your normal account dashboard. Thank you, Human Resources. Message reference: SAFE-0096.",safe,0
phishing-0200,support@account-verification.net,Tax Refund Confirmation Required,"Dear Customer, Your identity information requires immediate verification. Confirm your delivery address: http://payment-review.example/billing. This request will expire within 24 hours. Reference ID: PH-0200.","Tax Refund Confirmation Required Dear Customer, Your identity information requires immediate verification. Confirm your delivery address: http://payment-review.example/billing. This request will expire within 24 hours. Reference ID: PH-0200.",phishing,1
safe-0085,notifications@calendar.example,Thank You for Your Feedback,"Hello, Your monthly statement is now available for review. You can review the information from your normal account dashboard. Best regards, Project Management. Message reference: SAFE-0085.","Thank You for Your Feedback Hello, Your monthly statement is now available for review. You can review the information from your normal account dashboard. Best regards, Project Management. Message reference: SAFE-0085.",safe,0
phishing-0193,billing@payment-review-alert.com,Unusual Login Attempt Detected,"Dear Customer, Your package cannot be delivered until your address is confirmed. Validate your identity within 24 hours: http://192.168.1.10/login/verify-account. Failure to respond may result in permanent suspension. Reference ID: PH-0193.","Unusual Login Attempt Detected Dear Customer, Your package cannot be delivered until your address is confirmed. Validate your identity within 24 hours: http://192.168.1.10/login/verify-account. Failure to respond may result in permanent suspension. Reference ID: PH-0193.",phishing,1
safe-0174,hr@company.example,Weekly Project Update,"Hello, The project team completed this week's planned activities. The meeting will take place during normal business hours. Thanks, The Community Team. Message reference: SAFE-0174.","Weekly Project Update Hello, The project team completed this week's planned activities. The meeting will take place during normal business hours. Thanks, The Community Team. Message reference: SAFE-0174.",safe,0
safe-0016,updates@software.example,Employee Training Schedule,"Hello, Your order has been processed and shipped. Your existing password and account settings remain unchanged. Thanks, The Community Team. Message reference: SAFE-0016.","Employee Training Schedule Hello, Your order has been processed and shipped. Your existing password and account settings remain unchanged. Thanks, The Community Team. Message reference: SAFE-0016.",safe,0
safe-0144,billing@subscription.example,Reminder: Upcoming Team Meeting,"Hello, Your monthly statement is now available for review. The meeting will take place during normal business hours. Regards, The Support Team. Message reference: SAFE-0144.","Reminder: Upcoming Team Meeting Hello, Your monthly statement is now available for review. The meeting will take place during normal business hours. Regards, The Support Team. Message reference: SAFE-0144.",safe,0
phishing-0077,notice@tax-refund-review.com,Package Delivery Failed,"Dear Customer, You have been selected to receive a limited reward. Submit your banking information to receive the refund: http://account-security-check.example/login. This is your final security warning. Reference ID: PH-0077.","Package Delivery Failed Dear Customer, You have been selected to receive a limited reward. Submit your banking information to receive the refund: http://account-security-check.example/login. This is your final security warning. Reference ID: PH-0077.",phishing,1
phishing-0399,security@unknown-bank-alert.com,Claim Your Reward Before It Expires,"Dear Customer, An unauthorized login attempt was detected. Sign in to prevent permanent account closure: http://secure-update.example/confirm-password. Ignoring this message may result in account closure. Reference ID: PH-0399.","Claim Your Reward Before It Expires Dear Customer, An unauthorized login attempt was detected. Sign in to prevent permanent account closure: http://secure-update.example/confirm-password. Ignoring this message may result in account closure. Reference ID: PH-0399.",phishing,1
safe-0294,orders@shop.example,Community Event Invitation,"Hello, Here is the latest update from our team. The meeting will take place during normal business hours. Regards, Account Services. Message reference: SAFE-0294.","Community Event Invitation Hello, Here is the latest update from our team. The meeting will take place during normal business hours. Regards, Account Services. Message reference: SAFE-0294.",safe,0
phishing-0319,helpdesk@password-confirmation.net,URGENT: Verify Your Account Immediately,"Dear Customer, Your package cannot be delivered until your address is confirmed. Validate your identity within 24 hours: http://account-security-check.example/login. Failure to respond may result in permanent suspension. Reference ID: PH-0319.","URGENT: Verify Your Account Immediately Dear Customer, Your package cannot be delivered until your address is confirmed. Validate your identity within 24 hours: http://account-security-check.example/login. Failure to respond may result in permanent suspension. Reference ID: PH-0319.",phishing,1
safe-0107,support@trusted-service.example,Community Event Invitation,"Hello, Thank you for subscribing to our newsletter. You can review the information from your normal account dashboard. Thanks, The Community Team. Message reference: SAFE-0107.","Community Event Invitation Hello, Thank you for subscribing to our newsletter. You can review the information from your normal account dashboard. Thanks, The Community Team. Message reference: SAFE-0107.",safe,0
phishing-0489,security@cloud-storage-warning.net,Immediate Action Required,"Dear Customer, Your recent payment could not be processed. Validate your identity within 24 hours: http://delivery-confirmation.example/update. Failure to respond may result in permanent suspension. Reference ID: PH-0489.","Immediate Action Required Dear Customer, Your recent payment could not be processed. Validate your identity within 24 hours: http://delivery-confirmation.example/update. Failure to respond may result in permanent suspension. Reference ID: PH-0489.",phishing,1
phishing-0483,rewards@claim-prize-now.net,Immediate Action Required,"Dear Customer, Your recent payment could not be processed. Sign in to prevent permanent account closure: http://secure-update.example/confirm-password. This is your final security warning. Reference ID: PH-0483.","Immediate Action Required Dear Customer, Your recent payment could not be processed. Sign in to prevent permanent account closure: http://secure-update.example/confirm-password. This is your final security warning. Reference ID: PH-0483.",phishing,1
phishing-0310,support@account-verification.net,URGENT: Verify Your Account Immediately,"Dear Customer, Your recent payment could not be processed. Sign in to prevent permanent account closure: http://192.168.1.10/login/verify-account. This is your final security warning. Reference ID: PH-0310.","URGENT: Verify Your Account Immediately Dear Customer, Your recent payment could not be processed. Sign in to prevent permanent account closure: http://192.168.1.10/login/verify-account. This is your final security warning. Reference ID: PH-0310.",phishing,1
safe-0385,updates@software.example,Employee Training Schedule,"Hello, Your order has been processed and shipped. No action is required at this time. Regards, The Support Team. Message reference: SAFE-0385.","Employee Training Schedule Hello, Your order has been processed and shipped. No action is required at this time. Regards, The Support Team. Message reference: SAFE-0385.",safe,0
safe-0029,notifications@calendar.example,Weekly Project Update,"Hello, The project team completed this week's planned activities. You can review the information from your normal account dashboard. Thank you, Human Resources. Message reference: SAFE-0029.","Weekly Project Update Hello, The project team completed this week's planned activities. You can review the information from your normal account dashboard. Thank you, Human Resources. Message reference: SAFE-0029.",safe,0
safe-0285,events@community.example,Weekly Project Update,"Hello, This is a reminder about the scheduled team meeting. Please contact your manager if you have any questions. Best regards, Project Management. Message reference: SAFE-0285.","Weekly Project Update Hello, This is a reminder about the scheduled team meeting. Please contact your manager if you have any questions. Best regards, Project Management. Message reference: SAFE-0285.",safe,0
safe-0237,billing@subscription.example,Team Performance Summary,"Hello, The project team completed this week's planned activities. Your existing password and account settings remain unchanged. Thank you, Human Resources. Message reference: SAFE-0237.","Team Performance Summary Hello, The project team completed this week's planned activities. Your existing password and account settings remain unchanged. Thank you, Human Resources. Message reference: SAFE-0237.",safe,0
safe-0455,hr@company.example,Meeting Agenda for Tomorrow,"Hello, The project team completed this week's planned activities. Please contact your manager if you have any questions. Regards, The Support Team. Message reference: SAFE-0455.","Meeting Agenda for Tomorrow Hello, The project team completed this week's planned activities. Please contact your manager if you have any questions. Regards, The Support Team. Message reference: SAFE-0455.",safe,0
safe-0236,billing@subscription.example,Software Update Release Notes,"Hello, A new software update is available with performance improvements. You can review the information from your normal account dashboard. Regards, Account Services. Message reference: SAFE-0236.","Software Update Release Notes Hello, A new software update is available with performance improvements. You can review the information from your normal account dashboard. Regards, Account Services. Message reference: SAFE-0236.",safe,0
safe-0080,newsletter@company.example,Reminder: Upcoming Team Meeting,"Hello, This message contains the agenda for our upcoming meeting. You may ignore this message if you have already completed the task. Best regards, Project Management. Message reference: SAFE-0080.","Reminder: Upcoming Team Meeting Hello, This message contains the agenda for our upcoming meeting. You may ignore this message if you have already completed the task. Best regards, Project Management. Message reference: SAFE-0080.",safe,0
safe-0247,hr@company.example,Team Performance Summary,"Hello, A new software update is available with performance improvements. You can review the information from your normal account dashboard. Regards, The Support Team. Message reference: SAFE-0247.","Team Performance Summary Hello, A new software update is available with performance improvements. You can review the information from your normal account dashboard. Regards, The Support Team. Message reference: SAFE-0247.",safe,0
safe-0070,hr@company.example,Software Update Release Notes,"Hello, This is a reminder about the scheduled team meeting. You can review the information from your normal account dashboard. Thanks, The Community Team. Message reference: SAFE-0070.","Software Update Release Notes Hello, This is a reminder about the scheduled team meeting. You can review the information from your normal account dashboard. Thanks, The Community Team. Message reference: SAFE-0070.",safe,0
safe-0419,events@community.example,Reminder: Upcoming Team Meeting,"Hello, This message contains the agenda for our upcoming meeting. The attached summary contains the latest approved information. Sincerely, Customer Support. Message reference: SAFE-0419.","Reminder: Upcoming Team Meeting Hello, This message contains the agenda for our upcoming meeting. The attached summary contains the latest approved information. Sincerely, Customer Support. Message reference: SAFE-0419.",safe,0
safe-0407,hr@company.example,Thank You for Your Feedback,"Hello, This message contains the agenda for our upcoming meeting. No action is required at this time. Thanks, The Community Team. Message reference: SAFE-0407.","Thank You for Your Feedback Hello, This message contains the agenda for our upcoming meeting. No action is required at this time. Thanks, The Community Team. Message reference: SAFE-0407.",safe,0
phishing-0246,rewards@claim-prize-now.net,Your Account Has Been Suspended,"Dear Customer, We detected suspicious activity on your account. Confirm your account information now: http://delivery-confirmation.example/update. This request will expire within 24 hours. Reference ID: PH-0246.","Your Account Has Been Suspended Dear Customer, We detected suspicious activity on your account. Confirm your account information now: http://delivery-confirmation.example/update. This request will expire within 24 hours. Reference ID: PH-0246.",phishing,1
phishing-0174,delivery@parcel-update-alert.com,Your Account Has Been Suspended,"Dear Customer, Your identity information requires immediate verification. Submit your banking information to receive the refund: http://payment-review.example/billing. This request will expire within 24 hours. Reference ID: PH-0174.","Your Account Has Been Suspended Dear Customer, Your identity information requires immediate verification. Submit your banking information to receive the refund: http://payment-review.example/billing. This request will expire within 24 hours. Reference ID: PH-0174.",phishing,1
phishing-0170,security@cloud-storage-warning.net,Security Alert: Password Confirmation Required,"Dear Customer, An unauthorized login attempt was detected. Confirm your delivery address: http://192.168.1.10/login/verify-account. Failure to respond may result in permanent suspension. Reference ID: PH-0170.","Security Alert: Password Confirmation Required Dear Customer, An unauthorized login attempt was detected. Confirm your delivery address: http://192.168.1.10/login/verify-account. Failure to respond may result in permanent suspension. Reference ID: PH-0170.",phishing,1
safe-0289,billing@subscription.example,Your Order Has Been Shipped,"Hello, This message contains the agenda for our upcoming meeting. Your existing password and account settings remain unchanged. Regards, The Support Team. Message reference: SAFE-0289.","Your Order Has Been Shipped Hello, This message contains the agenda for our upcoming meeting. Your existing password and account settings remain unchanged. Regards, The Support Team. Message reference: SAFE-0289.",safe,0
safe-0090,updates@software.example,Employee Training Schedule,"Hello, This message contains the agenda for our upcoming meeting. You may ignore this message if you have already completed the task. Regards, Account Services. Message reference: SAFE-0090.","Employee Training Schedule Hello, This message contains the agenda for our upcoming meeting. You may ignore this message if you have already completed the task. Regards, Account Services. Message reference: SAFE-0090.",safe,0
safe-0015,notifications@calendar.example,Your Monthly Account Statement,"Hello, Your monthly statement is now available for review. Your existing password and account settings remain unchanged. Thanks, The Community Team. Message reference: SAFE-0015.","Your Monthly Account Statement Hello, Your monthly statement is now available for review. Your existing password and account settings remain unchanged. Thanks, The Community Team. Message reference: SAFE-0015.",safe,0
safe-0381,notifications@calendar.example,Monthly Subscription Receipt,"Hello, Your order has been processed and shipped. You can review the information from your normal account dashboard. Best regards, Project Management. Message reference: SAFE-0381.","Monthly Subscription Receipt Hello, Your order has been processed and shipped. You can review the information from your normal account dashboard. Best regards, Project Management. Message reference: SAFE-0381.",safe,0
safe-0459,notifications@calendar.example,Your Monthly Account Statement,"Hello, Your order has been processed and shipped. We appreciate your continued participation. Sincerely, Customer Support. Message reference: SAFE-0459.","Your Monthly Account Statement Hello, Your order has been processed and shipped. We appreciate your continued participation. Sincerely, Customer Support. Message reference: SAFE-0459.",safe,0
safe-0284,updates@software.example,Team Performance Summary,"Hello, This message contains the agenda for our upcoming meeting. We appreciate your continued participation. Regards, Account Services. Message reference: SAFE-0284.","Team Performance Summary Hello, This message contains the agenda for our upcoming meeting. We appreciate your continued participation. Regards, Account Services. Message reference: SAFE-0284.",safe,0
safe-0355,updates@software.example,Weekly Project Update,"Hello, Thank you for subscribing to our newsletter. The attached summary contains the latest approved information. Regards, Account Services. Message reference: SAFE-0355.","Weekly Project Update Hello, Thank you for subscribing to our newsletter. The attached summary contains the latest approved information. Regards, Account Services. Message reference: SAFE-0355.",safe,0
safe-0328,newsletter@company.example,Software Update Release Notes,"Hello, This message contains the agenda for our upcoming meeting. The meeting will take place during normal business hours. Thank you, Human Resources. Message reference: SAFE-0328.","Software Update Release Notes Hello, This message contains the agenda for our upcoming meeting. The meeting will take place during normal business hours. Thank you, Human Resources. Message reference: SAFE-0328.",safe,0
safe-0358,updates@software.example,Employee Training Schedule,"Hello, This message contains the agenda for our upcoming meeting. We appreciate your continued participation. Thanks, The Community Team. Message reference: SAFE-0358.","Employee Training Schedule Hello, This message contains the agenda for our upcoming meeting. We appreciate your continued participation. Thanks, The Community Team. Message reference: SAFE-0358.",safe,0
phishing-0260,delivery@parcel-update-alert.com,Package Delivery Failed,"Dear Customer, Your account has temporarily been suspended. Confirm your account information now: http://delivery-confirmation.example/update. This is your final security warning. Reference ID: PH-0260.","Package Delivery Failed Dear Customer, Your account has temporarily been suspended. Confirm your account information now: http://delivery-confirmation.example/update. This is your final security warning. Reference ID: PH-0260.",phishing,1
safe-0154,manager@company.example,Team Performance Summary,"Hello, Here is the latest update from our team. The attached summary contains the latest approved information. Best regards, Project Management. Message reference: SAFE-0154.","Team Performance Summary Hello, Here is the latest update from our team. The attached summary contains the latest approved information. Best regards, Project Management. Message reference: SAFE-0154.",safe,0
safe-0343,billing@subscription.example,Team Performance Summary,"Hello, The project team completed this week's planned activities. The attached summary contains the latest approved information. Thank you, Human Resources. Message reference: SAFE-0343.","Team Performance Summary Hello, The project team completed this week's planned activities. The attached summary contains the latest approved information. Thank you, Human Resources. Message reference: SAFE-0343.",safe,0
phishing-0387,delivery@parcel-update-alert.com,Security Alert: Password Confirmation Required,"Dear Customer, Your account has temporarily been suspended. Update your payment information: http://secure-update.example/confirm-password. This is your final security warning. Reference ID: PH-0387.","Security Alert: Password Confirmation Required Dear Customer, Your account has temporarily been suspended. Update your payment information: http://secure-update.example/confirm-password. This is your final security warning. Reference ID: PH-0387.",phishing,1
phishing-0131,support@account-verification.net,Security Alert: Password Confirmation Required,"Dear Customer, You have been selected to receive a limited reward. Submit your banking information to receive the refund: http://refund-processing.example/verify. This is your final security warning. Reference ID: PH-0131.","Security Alert: Password Confirmation Required Dear Customer, You have been selected to receive a limited reward. Submit your banking information to receive the refund: http://refund-processing.example/verify. This is your final security warning. Reference ID: PH-0131.",phishing,1
phishing-0145,billing@payment-review-alert.com,Claim Your Reward Before It Expires,"Dear Customer, Your package cannot be delivered until your address is confirmed. Verify your password and OTP immediately: http://mailbox-validation.example/signin. Failure to respond may result in permanent suspension. Reference ID: PH-0145.","Claim Your Reward Before It Expires Dear Customer, Your package cannot be delivered until your address is confirmed. Verify your password and OTP immediately: http://mailbox-validation.example/signin. Failure to respond may result in permanent suspension. Reference ID: PH-0145.",phishing,1
safe-0360,updates@software.example,Team Performance Summary,"Hello, Your monthly statement is now available for review. No action is required at this time. Thanks, The Community Team. Message reference: SAFE-0360.","Team Performance Summary Hello, Your monthly statement is now available for review. No action is required at this time. Thanks, The Community Team. Message reference: SAFE-0360.",safe,0
safe-0006,support@trusted-service.example,Your Order Has Been Shipped,"Hello, Your order has been processed and shipped. The attached summary contains the latest approved information. Regards, Account Services. Message reference: SAFE-0006.","Your Order Has Been Shipped Hello, Your order has been processed and shipped. The attached summary contains the latest approved information. Regards, Account Services. Message reference: SAFE-0006.",safe,0
safe-0109,newsletter@company.example,Your Order Has Been Shipped,"Hello, Thank you for subscribing to our newsletter. You may ignore this message if you have already completed the task. Regards, The Support Team. Message reference: SAFE-0109.","Your Order Has Been Shipped Hello, Thank you for subscribing to our newsletter. You may ignore this message if you have already completed the task. Regards, The Support Team. Message reference: SAFE-0109.",safe,0
phishing-0180,billing@payment-review-alert.com,Your Mailbox Storage Is Full,"Dear Customer, Your mailbox will be disabled because it has exceeded its storage limit. Verify your password and OTP immediately: http://192.168.1.10/login/verify-account. Failure to respond may result in permanent suspension. Reference ID: PH-0180.","Your Mailbox Storage Is Full Dear Customer, Your mailbox will be disabled because it has exceeded its storage limit. Verify your password and OTP immediately: http://192.168.1.10/login/verify-account. Failure to respond may result in permanent suspension. Reference ID: PH-0180.",phishing,1
safe-0473,newsletter@company.example,Thank You for Your Feedback,"Hello, A new software update is available with performance improvements. You may ignore this message if you have already completed the task. Regards, Account Services. Message reference: SAFE-0473.","Thank You for Your Feedback Hello, A new software update is available with performance improvements. You may ignore this message if you have already completed the task. Regards, Account Services. Message reference: SAFE-0473.",safe,0
phishing-0024,notice@tax-refund-review.com,Tax Refund Confirmation Required,"Dear Customer, You have been selected to receive a limited reward. Update your payment information: http://payment-review.example/billing. Act immediately to avoid interruption of service. Reference ID: PH-0024.","Tax Refund Confirmation Required Dear Customer, You have been selected to receive a limited reward. Update your payment information: http://payment-review.example/billing. Act immediately to avoid interruption of service. Reference ID: PH-0024.",phishing,1
safe-0302,orders@shop.example,Software Update Release Notes,"Hello, A new software update is available with performance improvements. Your existing password and account settings remain unchanged. Regards, The Support Team. Message reference: SAFE-0302.","Software Update Release Notes Hello, A new software update is available with performance improvements. Your existing password and account settings remain unchanged. Regards, The Support Team. Message reference: SAFE-0302.",safe,0
phishing-0213,rewards@claim-prize-now.net,Your Payment Was Declined,"Dear Customer, An unauthorized login attempt was detected. Validate your identity within 24 hours: http://mailbox-validation.example/signin. This request will expire within 24 hours. Reference ID: PH-0213.","Your Payment Was Declined Dear Customer, An unauthorized login attempt was detected. Validate your identity within 24 hours: http://mailbox-validation.example/signin. This request will expire within 24 hours. Reference ID: PH-0213.",phishing,1
phishing-0325,rewards@claim-prize-now.net,Confirm Your Banking Information,"Dear Customer, An unauthorized login attempt was detected. Submit your banking information to receive the refund: http://192.168.1.10/login/verify-account. Act immediately to avoid interruption of service. Reference ID: PH-0325.","Confirm Your Banking Information Dear Customer, An unauthorized login attempt was detected. Submit your banking information to receive the refund: http://192.168.1.10/login/verify-account. Act immediately to avoid interruption of service. Reference ID: PH-0325.",phishing,1
safe-0340,support@trusted-service.example,Employee Training Schedule,"Hello, Your monthly statement is now available for review. No action is required at this time. Thank you, Human Resources. Message reference: SAFE-0340.","Employee Training Schedule Hello, Your monthly statement is now available for review. No action is required at this time. Thank you, Human Resources. Message reference: SAFE-0340.",safe,0
safe-0496,updates@software.example,Your Order Has Been Shipped,"Hello, Your order has been processed and shipped. The attached summary contains the latest approved information. Best regards, Project Management. Message reference: SAFE-0496.","Your Order Has Been Shipped Hello, Your order has been processed and shipped. The attached summary contains the latest approved information. Best regards, Project Management. Message reference: SAFE-0496.",safe,0
phishing-0013,helpdesk@password-confirmation.net,Package Delivery Failed,"Dear Customer, An unauthorized login attempt was detected. Confirm your account information now: http://delivery-confirmation.example/update. This is your final security warning. Reference ID: PH-0013.","Package Delivery Failed Dear Customer, An unauthorized login attempt was detected. Confirm your account information now: http://delivery-confirmation.example/update. This is your final security warning. Reference ID: PH-0013.",phishing,1
phishing-0434,notice@tax-refund-review.com,Unusual Login Attempt Detected,"Dear Customer, Your package cannot be delivered until your address is confirmed. Confirm your delivery address: http://delivery-confirmation.example/update. This request will expire within 24 hours. Reference ID: PH-0434.","Unusual Login Attempt Detected Dear Customer, Your package cannot be delivered until your address is confirmed. Confirm your delivery address: http://delivery-confirmation.example/update. This request will expire within 24 hours. Reference ID: PH-0434.",phishing,1
safe-0001,hr@company.example,Employee Training Schedule,"Hello, This message contains the agenda for our upcoming meeting. The meeting will take place during normal business hours. Regards, The Support Team. Message reference: SAFE-0001.","Employee Training Schedule Hello, This message contains the agenda for our upcoming meeting. The meeting will take place during normal business hours. Regards, The Support Team. Message reference: SAFE-0001.",safe,0
phishing-0100,billing@payment-review-alert.com,Security Alert: Password Confirmation Required,"Dear Customer, Your package cannot be delivered until your address is confirmed. Validate your identity within 24 hours: http://secure-update.example/confirm-password. Act immediately to avoid interruption of service. Reference ID: PH-0100.","Security Alert: Password Confirmation Required Dear Customer, Your package cannot be delivered until your address is confirmed. Validate your identity within 24 hours: http://secure-update.example/confirm-password. Act immediately to avoid interruption of service. Reference ID: PH-0100.",phishing,1
safe-0149,notifications@calendar.example,Weekly Project Update,"Hello, Thank you for subscribing to our newsletter. Please contact your manager if you have any questions. Best regards, Project Management. Message reference: SAFE-0149.","Weekly Project Update Hello, Thank you for subscribing to our newsletter. Please contact your manager if you have any questions. Best regards, Project Management. Message reference: SAFE-0149.",safe,0
phishing-0120,admin@secure-login-update.com,Unusual Login Attempt Detected,"Dear Customer, Your identity information requires immediate verification. Confirm your delivery address: http://reward-claim.example/winner. Failure to respond may result in permanent suspension. Reference ID: PH-0120.","Unusual Login Attempt Detected Dear Customer, Your identity information requires immediate verification. Confirm your delivery address: http://reward-claim.example/winner. Failure to respond may result in permanent suspension. Reference ID: PH-0120.",phishing,1
phishing-0367,security@cloud-storage-warning.net,Your Payment Was Declined,"Dear Customer, Your package cannot be delivered until your address is confirmed. Verify your password and OTP immediately: http://secure-update.example/confirm-password. Ignoring this message may result in account closure. Reference ID: PH-0367.","Your Payment Was Declined Dear Customer, Your package cannot be delivered until your address is confirmed. Verify your password and OTP immediately: http://secure-update.example/confirm-password. Ignoring this message may result in account closure. Reference ID: PH-0367.",phishing,1
phishing-0253,service@urgent-account-check.com,Immediate Action Required,"Dear Customer, You have been selected to receive a limited reward. Confirm your account information now: http://delivery-confirmation.example/update. Ignoring this message may result in account closure. Reference ID: PH-0253.","Immediate Action Required Dear Customer, You have been selected to receive a limited reward. Confirm your account information now: http://delivery-confirmation.example/update. Ignoring this message may result in account closure. Reference ID: PH-0253.",phishing,1
phishing-0438,rewards@claim-prize-now.net,Confirm Your Banking Information,"Dear Customer, We detected suspicious activity on your account. Validate your identity within 24 hours: http://payment-review.example/billing. Act immediately to avoid interruption of service. Reference ID: PH-0438.","Confirm Your Banking Information Dear Customer, We detected suspicious activity on your account. Validate your identity within 24 hours: http://payment-review.example/billing. Act immediately to avoid interruption of service. Reference ID: PH-0438.",phishing,1
phishing-0267,service@urgent-account-check.com,Your Account Has Been Suspended,"Dear Customer, Your mailbox will be disabled because it has exceeded its storage limit. Sign in to prevent permanent account closure: http://mailbox-validation.example/signin. This request will expire within 24 hours. Reference ID: PH-0267.","Your Account Has Been Suspended Dear Customer, Your mailbox will be disabled because it has exceeded its storage limit. Sign in to prevent permanent account closure: http://mailbox-validation.example/signin. This request will expire within 24 hours. Reference ID: PH-0267.",phishing,1
phishing-0255,admin@secure-login-update.com,Confirm Your Banking Information,"Dear Customer, Your account has temporarily been suspended. Sign in to prevent permanent account closure: http://delivery-confirmation.example/update. Failure to respond may result in permanent suspension. Reference ID: PH-0255.","Confirm Your Banking Information Dear Customer, Your account has temporarily been suspended. Sign in to prevent permanent account closure: http://delivery-confirmation.example/update. Failure to respond may result in permanent suspension. Reference ID: PH-0255.",phishing,1
phishing-0289,notice@tax-refund-review.com,URGENT: Verify Your Account Immediately,"Dear Customer, Your mailbox will be disabled because it has exceeded its storage limit. Confirm your account information now: http://refund-processing.example/verify. Act immediately to avoid interruption of service. Reference ID: PH-0289.","URGENT: Verify Your Account Immediately Dear Customer, Your mailbox will be disabled because it has exceeded its storage limit. Confirm your account information now: http://refund-processing.example/verify. Act immediately to avoid interruption of service. Reference ID: PH-0289.",phishing,1
phishing-0067,support@account-verification.net,Final Warning: Account Will Be Closed,"Dear Customer, An unauthorized login attempt was detected. Sign in to prevent permanent account closure: http://payment-review.example/billing. Ignoring this message may result in account closure. Reference ID: PH-0067.","Final Warning: Account Will Be Closed Dear Customer, An unauthorized login attempt was detected. Sign in to prevent permanent account closure: http://payment-review.example/billing. Ignoring this message may result in account closure. Reference ID: PH-0067.",phishing,1
phishing-0182,notice@tax-refund-review.com,Package Delivery Failed,"Dear Customer, You have been selected to receive a limited reward. Validate your identity within 24 hours: http://refund-processing.example/verify. Failure to respond may result in permanent suspension. Reference ID: PH-0182.","Package Delivery Failed Dear Customer, You have been selected to receive a limited reward. Validate your identity within 24 hours: http://refund-processing.example/verify. Failure to respond may result in permanent suspension. Reference ID: PH-0182.",phishing,1
phishing-0295,admin@secure-login-update.com,Immediate Action Required,"Dear Customer, Your identity information requires immediate verification. Validate your identity within 24 hours: http://reward-claim.example/winner. Ignoring this message may result in account closure. Reference ID: PH-0295.","Immediate Action Required Dear Customer, Your identity information requires immediate verification. Validate your identity within 24 hours: http://reward-claim.example/winner. Ignoring this message may result in account closure. Reference ID: PH-0295.",phishing,1
phishing-0270,support@account-verification.net,Tax Refund Confirmation Required,"Dear Customer, Your package cannot be delivered until your address is confirmed. Validate your identity within 24 hours: http://account-security-check.example/login. Act immediately to avoid interruption of service. Reference ID: PH-0270.","Tax Refund Confirmation Required Dear Customer, Your package cannot be delivered until your address is confirmed. Validate your identity within 24 hours: http://account-security-check.example/login. Act immediately to avoid interruption of service. Reference ID: PH-0270.",phishing,1
safe-0133,hr@company.example,Community Event Invitation,"Hello, A new software update is available with performance improvements. Your existing password and account settings remain unchanged. Thanks, The Community Team. Message reference: SAFE-0133.","Community Event Invitation Hello, A new software update is available with performance improvements. Your existing password and account settings remain unchanged. Thanks, The Community Team. Message reference: SAFE-0133.",safe,0
phishing-0163,support@account-verification.net,Security Alert: Password Confirmation Required,"Dear Customer, Your account has temporarily been suspended. Submit your banking information to receive the refund: http://secure-update.example/confirm-password. Ignoring this message may result in account closure. Reference ID: PH-0163.","Security Alert: Password Confirmation Required Dear Customer, Your account has temporarily been suspended. Submit your banking information to receive the refund: http://secure-update.example/confirm-password. Ignoring this message may result in account closure. Reference ID: PH-0163.",phishing,1
safe-0307,team@project.example,Employee Training Schedule,"Hello, Thank you for subscribing to our newsletter. We appreciate your continued participation. Thanks, The Community Team. Message reference: SAFE-0307.","Employee Training Schedule Hello, Thank you for subscribing to our newsletter. We appreciate your continued participation. Thanks, The Community Team. Message reference: SAFE-0307.",safe,0
phishing-0148,admin@secure-login-update.com,Package Delivery Failed,"Dear Customer, Your mailbox will be disabled because it has exceeded its storage limit. Confirm your account information now: http://delivery-confirmation.example/update. This request will expire within 24 hours. Reference ID: PH-0148.","Package Delivery Failed Dear Customer, Your mailbox will be disabled because it has exceeded its storage limit. Confirm your account information now: http://delivery-confirmation.example/update. This request will expire within 24 hours. Reference ID: PH-0148.",phishing,1
safe-0248,notifications@calendar.example,Reminder: Upcoming Team Meeting,"Hello, Your order has been processed and shipped. Your existing password and account settings remain unchanged. Regards, The Support Team. Message reference: SAFE-0248.","Reminder: Upcoming Team Meeting Hello, Your order has been processed and shipped. Your existing password and account settings remain unchanged. Regards, The Support Team. Message reference: SAFE-0248.",safe,0
safe-0318,team@project.example,Your Monthly Account Statement,"Hello, This is a reminder about the scheduled team meeting. You can review the information from your normal account dashboard. Regards, The Support Team. Message reference: SAFE-0318.","Your Monthly Account Statement Hello, This is a reminder about the scheduled team meeting. You can review the information from your normal account dashboard. Regards, The Support Team. Message reference: SAFE-0318.",safe,0
safe-0271,manager@company.example,Meeting Agenda for Tomorrow,"Hello, Your monthly statement is now available for review. The attached summary contains the latest approved information. Thanks, The Community Team. Message reference: SAFE-0271.","Meeting Agenda for Tomorrow Hello, Your monthly statement is now available for review. The attached summary contains the latest approved information. Thanks, The Community Team. Message reference: SAFE-0271.",safe,0
phishing-0389,service@urgent-account-check.com,Your Mailbox Storage Is Full,"Dear Customer, We detected suspicious activity on your account. Validate your identity within 24 hours: http://refund-processing.example/verify. This is your final security warning. Reference ID: PH-0389.","Your Mailbox Storage Is Full Dear Customer, We detected suspicious activity on your account. Validate your identity within 24 hours: http://refund-processing.example/verify. This is your final security warning. Reference ID: PH-0389.",phishing,1
safe-0317,updates@software.example,Your Monthly Account Statement,"Hello, A new software update is available with performance improvements. Your existing password and account settings remain unchanged. Sincerely, Customer Support. Message reference: SAFE-0317.","Your Monthly Account Statement Hello, A new software update is available with performance improvements. Your existing password and account settings remain unchanged. Sincerely, Customer Support. Message reference: SAFE-0317.",safe,0
safe-0030,orders@shop.example,Welcome to Our Newsletter,"Hello, Your order has been processed and shipped. The attached summary contains the latest approved information. Regards, Account Services. Message reference: SAFE-0030.","Welcome to Our Newsletter Hello, Your order has been processed and shipped. The attached summary contains the latest approved information. Regards, Account Services. Message reference: SAFE-0030.",safe,0
safe-0301,team@project.example,Employee Training Schedule,"Hello, This is a reminder about the scheduled team meeting. Please contact your manager if you have any questions. Regards, The Support Team. Message reference: SAFE-0301.","Employee Training Schedule Hello, This is a reminder about the scheduled team meeting. Please contact your manager if you have any questions. Regards, The Support Team. Message reference: SAFE-0301.",safe,0
phishing-0108,billing@payment-review-alert.com,Your Mailbox Storage Is Full,"Dear Customer, Your recent payment could not be processed. Sign in to prevent permanent account closure: http://reward-claim.example/winner. This request will expire within 24 hours. Reference ID: PH-0108.","Your Mailbox Storage Is Full Dear Customer, Your recent payment could not be processed. Sign in to prevent permanent account closure: http://reward-claim.example/winner. This request will expire within 24 hours. Reference ID: PH-0108.",phishing,1
safe-0387,hr@company.example,Software Update Release Notes,"Hello, Here is the latest update from our team. The meeting will take place during normal business hours. Best regards, Project Management. Message reference: SAFE-0387.","Software Update Release Notes Hello, Here is the latest update from our team. The meeting will take place during normal business hours. Best regards, Project Management. Message reference: SAFE-0387.",safe,0
safe-0495,team@project.example,Monthly Subscription Receipt,"Hello, Thank you for subscribing to our newsletter. The attached summary contains the latest approved information. Regards, The Support Team. Message reference: SAFE-0495.","Monthly Subscription Receipt Hello, Thank you for subscribing to our newsletter. The attached summary contains the latest approved information. Regards, The Support Team. Message reference: SAFE-0495.",safe,0
safe-0270,support@trusted-service.example,Weekly Project Update,"Hello, A new software update is available with performance improvements. We appreciate your continued participation. Regards, Account Services. Message reference: SAFE-0270.","Weekly Project Update Hello, A new software update is available with performance improvements. We appreciate your continued participation. Regards, Account Services. Message reference: SAFE-0270.",safe,0
phishing-0449,admin@secure-login-update.com,URGENT: Verify Your Account Immediately,"Dear Customer, Your recent payment could not be processed. Validate your identity within 24 hours: http://refund-processing.example/verify. Failure to respond may result in permanent suspension. Reference ID: PH-0449.","URGENT: Verify Your Account Immediately Dear Customer, Your recent payment could not be processed. Validate your identity within 24 hours: http://refund-processing.example/verify. Failure to respond may result in permanent suspension. Reference ID: PH-0449.",phishing,1
safe-0141,events@community.example,Employee Training Schedule,"Hello, Thank you for subscribing to our newsletter. Your existing password and account settings remain unchanged. Thanks, The Community Team. Message reference: SAFE-0141.","Employee Training Schedule Hello, Thank you for subscribing to our newsletter. Your existing password and account settings remain unchanged. Thanks, The Community Team. Message reference: SAFE-0141.",safe,0
phishing-0063,billing@payment-review-alert.com,Confirm Your Banking Information,"Dear Customer, Your identity information requires immediate verification. Confirm your delivery address: http://delivery-confirmation.example/update. This is your final security warning. Reference ID: PH-0063.","Confirm Your Banking Information Dear Customer, Your identity information requires immediate verification. Confirm your delivery address: http://delivery-confirmation.example/update. This is your final security warning. Reference ID: PH-0063.",phishing,1
safe-0412,events@community.example,Meeting Agenda for Tomorrow,"Hello, The project team completed this week's planned activities. We appreciate your continued participation. Thanks, The Community Team. Message reference: SAFE-0412.","Meeting Agenda for Tomorrow Hello, The project team completed this week's planned activities. We appreciate your continued participation. Thanks, The Community Team. Message reference: SAFE-0412.",safe,0
phishing-0242,rewards@claim-prize-now.net,Confirm Your Banking Information,"Dear Customer, Your account has temporarily been suspended. Sign in to prevent permanent account closure: http://secure-update.example/confirm-password. This is your final security warning. Reference ID: PH-0242.","Confirm Your Banking Information Dear Customer, Your account has temporarily been suspended. Sign in to prevent permanent account closure: http://secure-update.example/confirm-password. This is your final security warning. Reference ID: PH-0242.",phishing,1
safe-0488,events@community.example,Your Monthly Account Statement,"Hello, Your monthly statement is now available for review. We appreciate your continued participation. Best regards, Project Management. Message reference: SAFE-0488.","Your Monthly Account Statement Hello, Your monthly statement is now available for review. We appreciate your continued participation. Best regards, Project Management. Message reference: SAFE-0488.",safe,0
phishing-0034,service@urgent-account-check.com,Immediate Action Required,"Dear Customer, Your recent payment could not be processed. Confirm your account information now: http://reward-claim.example/winner. This is your final security warning. Reference ID: PH-0034.","Immediate Action Required Dear Customer, Your recent payment could not be processed. Confirm your account information now: http://reward-claim.example/winner. This is your final security warning. Reference ID: PH-0034.",phishing,1
phishing-0350,security@cloud-storage-warning.net,Claim Your Reward Before It Expires,"Dear Customer, An unauthorized login attempt was detected. Confirm your delivery address: http://secure-update.example/confirm-password. Failure to respond may result in permanent suspension. Reference ID: PH-0350.","Claim Your Reward Before It Expires Dear Customer, An unauthorized login attempt was detected. Confirm your delivery address: http://secure-update.example/confirm-password. Failure to respond may result in permanent suspension. Reference ID: PH-0350.",phishing,1
safe-0394,team@project.example,Employee Training Schedule,"Hello, A new software update is available with performance improvements. You can review the information from your normal account dashboard. Thank you, Human Resources. Message reference: SAFE-0394.","Employee Training Schedule Hello, A new software update is available with performance improvements. You can review the information from your normal account dashboard. Thank you, Human Resources. Message reference: SAFE-0394.",safe,0
phishing-0436,notice@tax-refund-review.com,Unusual Login Attempt Detected,"Dear Customer, Your identity information requires immediate verification. Submit your banking information to receive the refund: http://mailbox-validation.example/signin. This is your final security warning. Reference ID: PH-0436.","Unusual Login Attempt Detected Dear Customer, Your identity information requires immediate verification. Submit your banking information to receive the refund: http://mailbox-validation.example/signin. This is your final security warning. Reference ID: PH-0436.",phishing,1
phishing-0195,helpdesk@password-confirmation.net,Claim Your Reward Before It Expires,"Dear Customer, You have been selected to receive a limited reward. Update your payment information: http://refund-processing.example/verify. Act immediately to avoid interruption of service. Reference ID: PH-0195.","Claim Your Reward Before It Expires Dear Customer, You have been selected to receive a limited reward. Update your payment information: http://refund-processing.example/verify. Act immediately to avoid interruption of service. Reference ID: PH-0195.",phishing,1
safe-0189,billing@subscription.example,Weekly Project Update,"Hello, The project team completed this week's planned activities. You can review the information from your normal account dashboard. Best regards, Project Management. Message reference: SAFE-0189.","Weekly Project Update Hello, The project team completed this week's planned activities. You can review the information from your normal account dashboard. Best regards, Project Management. Message reference: SAFE-0189.",safe,0
phishing-0166,support@account-verification.net,Your Account Has Been Suspended,"Dear Customer, Your identity information requires immediate verification. Unlock your account using the secure link: http://refund-processing.example/verify. This is your final security warning. Reference ID: PH-0166.","Your Account Has Been Suspended Dear Customer, Your identity information requires immediate verification. Unlock your account using the secure link: http://refund-processing.example/verify. This is your final security warning. Reference ID: PH-0166.",phishing,1
phishing-0154,billing@payment-review-alert.com,URGENT: Verify Your Account Immediately,"Dear Customer, Your package cannot be delivered until your address is confirmed. Validate your identity within 24 hours: http://mailbox-validation.example/signin. This is your final security warning. Reference ID: PH-0154.","URGENT: Verify Your Account Immediately Dear Customer, Your package cannot be delivered until your address is confirmed. Validate your identity within 24 hours: http://mailbox-validation.example/signin. This is your final security warning. Reference ID: PH-0154.",phishing,1
safe-0048,billing@subscription.example,Welcome to Our Newsletter,"Hello, The project team completed this week's planned activities. Your existing password and account settings remain unchanged. Regards, Account Services. Message reference: SAFE-0048.","Welcome to Our Newsletter Hello, The project team completed this week's planned activities. Your existing password and account settings remain unchanged. Regards, Account Services. Message reference: SAFE-0048.",safe,0
phishing-0019,delivery@parcel-update-alert.com,Immediate Action Required,"Dear Customer, An unauthorized login attempt was detected. Submit your banking information to receive the refund: http://payment-review.example/billing. Ignoring this message may result in account closure. Reference ID: PH-0019.","Immediate Action Required Dear Customer, An unauthorized login attempt was detected. Submit your banking information to receive the refund: http://payment-review.example/billing. Ignoring this message may result in account closure. Reference ID: PH-0019.",phishing,1
safe-0490,billing@subscription.example,Weekly Project Update,"Hello, A new software update is available with performance improvements. You can review the information from your normal account dashboard. Regards, The Support Team. Message reference: SAFE-0490.","Weekly Project Update Hello, A new software update is available with performance improvements. You can review the information from your normal account dashboard. Regards, The Support Team. Message reference: SAFE-0490.",safe,0
phishing-0297,support@account-verification.net,Package Delivery Failed,"Dear Customer, Your package cannot be delivered until your address is confirmed. Sign in to prevent permanent account closure: http://refund-processing.example/verify. Act immediately to avoid interruption of service. Reference ID: PH-0297.","Package Delivery Failed Dear Customer, Your package cannot be delivered until your address is confirmed. Sign in to prevent permanent account closure: http://refund-processing.example/verify. Act immediately to avoid interruption of service. Reference ID: PH-0297.",phishing,1
phishing-0234,admin@secure-login-update.com,Your Payment Was Declined,"Dear Customer, An unauthorized login attempt was detected. Unlock your account using the secure link: http://reward-claim.example/winner. Act immediately to avoid interruption of service. Reference ID: PH-0234.","Your Payment Was Declined Dear Customer, An unauthorized login attempt was detected. Unlock your account using the secure link: http://reward-claim.example/winner. Act immediately to avoid interruption of service. Reference ID: PH-0234.",phishing,1
safe-0398,hr@company.example,Team Performance Summary,"Hello, This is a reminder about the scheduled team meeting. The meeting will take place during normal business hours. Sincerely, Customer Support. Message reference: SAFE-0398.","Team Performance Summary Hello, This is a reminder about the scheduled team meeting. The meeting will take place during normal business hours. Sincerely, Customer Support. Message reference: SAFE-0398.",safe,0
safe-0288,events@community.example,Meeting Agenda for Tomorrow,"Hello, Here is the latest update from our team. Please contact your manager if you have any questions. Thank you, Human Resources. Message reference: SAFE-0288.","Meeting Agenda for Tomorrow Hello, Here is the latest update from our team. Please contact your manager if you have any questions. Thank you, Human Resources. Message reference: SAFE-0288.",safe,0
safe-0451,orders@shop.example,Team Performance Summary,"Hello, This is a reminder about the scheduled team meeting. Please contact your manager if you have any questions. Thank you, Human Resources. Message reference: SAFE-0451.","Team Performance Summary Hello, This is a reminder about the scheduled team meeting. Please contact your manager if you have any questions. Thank you, Human Resources. Message reference: SAFE-0451.",safe,0
safe-0305,newsletter@company.example,Software Update Release Notes,"Hello, Your order has been processed and shipped. Your existing password and account settings remain unchanged. Thanks, The Community Team. Message reference: SAFE-0305.","Software Update Release Notes Hello, Your order has been processed and shipped. Your existing password and account settings remain unchanged. Thanks, The Community Team. Message reference: SAFE-0305.",safe,0
safe-0313,orders@shop.example,Your Order Has Been Shipped,"Hello, Thank you for subscribing to our newsletter. Please contact your manager if you have any questions. Sincerely, Customer Support. Message reference: SAFE-0313.","Your Order Has Been Shipped Hello, Thank you for subscribing to our newsletter. Please contact your manager if you have any questions. Sincerely, Customer Support. Message reference: SAFE-0313.",safe,0
safe-0146,events@community.example,Your Monthly Account Statement,"Hello, Your monthly statement is now available for review. No action is required at this time. Best regards, Project Management. Message reference: SAFE-0146.","Your Monthly Account Statement Hello, Your monthly statement is now available for review. No action is required at this time. Best regards, Project Management. Message reference: SAFE-0146.",safe,0
safe-0083,updates@software.example,Meeting Agenda for Tomorrow,"Hello, Thank you for subscribing to our newsletter. You can review the information from your normal account dashboard. Sincerely, Customer Support. Message reference: SAFE-0083.","Meeting Agenda for Tomorrow Hello, Thank you for subscribing to our newsletter. You can review the information from your normal account dashboard. Sincerely, Customer Support. Message reference: SAFE-0083.",safe,0
phishing-0092,support@account-verification.net,Your Payment Was Declined,"Dear Customer, Your account has temporarily been suspended. Confirm your account information now: http://refund-processing.example/verify. This request will expire within 24 hours. Reference ID: PH-0092.","Your Payment Was Declined Dear Customer, Your account has temporarily been suspended. Confirm your account information now: http://refund-processing.example/verify. This request will expire within 24 hours. Reference ID: PH-0092.",phishing,1
phishing-0214,admin@secure-login-update.com,Claim Your Reward Before It Expires,"Dear Customer, We detected suspicious activity on your account. Unlock your account using the secure link: http://mailbox-validation.example/signin. This is your final security warning. Reference ID: PH-0214.","Claim Your Reward Before It Expires Dear Customer, We detected suspicious activity on your account. Unlock your account using the secure link: http://mailbox-validation.example/signin. This is your final security warning. Reference ID: PH-0214.",phishing,1
phishing-0385,notice@tax-refund-review.com,Final Warning: Account Will Be Closed,"Dear Customer, Your identity information requires immediate verification. Verify your password and OTP immediately: http://mailbox-validation.example/signin. Ignoring this message may result in account closure. Reference ID: PH-0385.","Final Warning: Account Will Be Closed Dear Customer, Your identity information requires immediate verification. Verify your password and OTP immediately: http://mailbox-validation.example/signin. Ignoring this message may result in account closure. Reference ID: PH-0385.",phishing,1
safe-0324,hr@company.example,Employee Training Schedule,"Hello, A new software update is available with performance improvements. Please contact your manager if you have any questions. Best regards, Project Management. Message reference: SAFE-0324.","Employee Training Schedule Hello, A new software update is available with performance improvements. Please contact your manager if you have any questions. Best regards, Project Management. Message reference: SAFE-0324.",safe,0
safe-0457,manager@company.example,Your Monthly Account Statement,"Hello, Your monthly statement is now available for review. Your existing password and account settings remain unchanged. Regards, Account Services. Message reference: SAFE-0457.","Your Monthly Account Statement Hello, Your monthly statement is now available for review. Your existing password and account settings remain unchanged. Regards, Account Services. Message reference: SAFE-0457.",safe,0
safe-0170,hr@company.example,Weekly Project Update,"Hello, The project team completed this week's planned activities. The attached summary contains the latest approved information. Thanks, The Community Team. Message reference: SAFE-0170.","Weekly Project Update Hello, The project team completed this week's planned activities. The attached summary contains the latest approved information. Thanks, The Community Team. Message reference: SAFE-0170.",safe,0
safe-0153,manager@company.example,Weekly Project Update,"Hello, The project team completed this week's planned activities. The attached summary contains the latest approved information. Regards, The Support Team. Message reference: SAFE-0153.","Weekly Project Update Hello, The project team completed this week's planned activities. The attached summary contains the latest approved information. Regards, The Support Team. Message reference: SAFE-0153.",safe,0
safe-0309,notifications@calendar.example,Team Performance Summary,"Hello, Your monthly statement is now available for review. Your existing password and account settings remain unchanged. Regards, The Support Team. Message reference: SAFE-0309.","Team Performance Summary Hello, Your monthly statement is now available for review. Your existing password and account settings remain unchanged. Regards, The Support Team. Message reference: SAFE-0309.",safe,0
safe-0296,support@trusted-service.example,Reminder: Upcoming Team Meeting,"Hello, This is a reminder about the scheduled team meeting. You may ignore this message if you have already completed the task. Sincerely, Customer Support. Message reference: SAFE-0296.","Reminder: Upcoming Team Meeting Hello, This is a reminder about the scheduled team meeting. You may ignore this message if you have already completed the task. Sincerely, Customer Support. Message reference: SAFE-0296.",safe,0
phishing-0499,service@urgent-account-check.com,Final Warning: Account Will Be Closed,"Dear Customer, Your account has temporarily been suspended. Validate your identity within 24 hours: http://refund-processing.example/verify. Ignoring this message may result in account closure. Reference ID: PH-0499.","Final Warning: Account Will Be Closed Dear Customer, Your account has temporarily been suspended. Validate your identity within 24 hours: http://refund-processing.example/verify. Ignoring this message may result in account closure. Reference ID: PH-0499.",phishing,1
safe-0345,team@project.example,Employee Training Schedule,"Hello, This is a reminder about the scheduled team meeting. You may ignore this message if you have already completed the task. Thanks, The Community Team. Message reference: SAFE-0345.","Employee Training Schedule Hello, This is a reminder about the scheduled team meeting. You may ignore this message if you have already completed the task. Thanks, The Community Team. Message reference: SAFE-0345.",safe,0
safe-0019,updates@software.example,Welcome to Our Newsletter,"Hello, This message contains the agenda for our upcoming meeting. You can review the information from your normal account dashboard. Regards, Account Services. Message reference: SAFE-0019.","Welcome to Our Newsletter Hello, This message contains the agenda for our upcoming meeting. You can review the information from your normal account dashboard. Regards, Account Services. Message reference: SAFE-0019.",safe,0
safe-0179,updates@software.example,Your Order Has Been Shipped,"Hello, Your order has been processed and shipped. You may ignore this message if you have already completed the task. Thank you, Human Resources. Message reference: SAFE-0179.","Your Order Has Been Shipped Hello, Your order has been processed and shipped. You may ignore this message if you have already completed the task. Thank you, Human Resources. Message reference: SAFE-0179.",safe,0
phishing-0029,service@urgent-account-check.com,Unusual Login Attempt Detected,"Dear Customer, An unauthorized login attempt was detected. Submit your banking information to receive the refund: http://delivery-confirmation.example/update. This is your final security warning. Reference ID: PH-0029.","Unusual Login Attempt Detected Dear Customer, An unauthorized login attempt was detected. Submit your banking information to receive the refund: http://delivery-confirmation.example/update. This is your final security warning. Reference ID: PH-0029.",phishing,1
safe-0076,hr@company.example,Reminder: Upcoming Team Meeting,"Hello, The project team completed this week's planned activities. The meeting will take place during normal business hours. Best regards, Project Management. Message reference: SAFE-0076.","Reminder: Upcoming Team Meeting Hello, The project team completed this week's planned activities. The meeting will take place during normal business hours. Best regards, Project Management. Message reference: SAFE-0076.",safe,0
safe-0422,updates@software.example,Welcome to Our Newsletter,"Hello, This is a reminder about the scheduled team meeting. The meeting will take place during normal business hours. Best regards, Project Management. Message reference: SAFE-0422.","Welcome to Our Newsletter Hello, This is a reminder about the scheduled team meeting. The meeting will take place during normal business hours. Best regards, Project Management. Message reference: SAFE-0422.",safe,0
phishing-0378,security@unknown-bank-alert.com,Package Delivery Failed,"Dear Customer, Your mailbox will be disabled because it has exceeded its storage limit. Submit your banking information to receive the refund: http://secure-update.example/confirm-password. This is your final security warning. Reference ID: PH-0378.","Package Delivery Failed Dear Customer, Your mailbox will be disabled because it has exceeded its storage limit. Submit your banking information to receive the refund: http://secure-update.example/confirm-password. This is your final security warning. Reference ID: PH-0378.",phishing,1
phishing-0107,billing@payment-review-alert.com,Tax Refund Confirmation Required,"Dear Customer, We detected suspicious activity on your account. Verify your password and OTP immediately: http://reward-claim.example/winner. This request will expire within 24 hours. Reference ID: PH-0107.","Tax Refund Confirmation Required Dear Customer, We detected suspicious activity on your account. Verify your password and OTP immediately: http://reward-claim.example/winner. This request will expire within 24 hours. Reference ID: PH-0107.",phishing,1
safe-0435,hr@company.example,Monthly Subscription Receipt,"Hello, The project team completed this week's planned activities. You may ignore this message if you have already completed the task. Regards, The Support Team. Message reference: SAFE-0435.","Monthly Subscription Receipt Hello, The project team completed this week's planned activities. You may ignore this message if you have already completed the task. Regards, The Support Team. Message reference: SAFE-0435.",safe,0
safe-0322,newsletter@company.example,Your Order Has Been Shipped,"Hello, Here is the latest update from our team. The meeting will take place during normal business hours. Regards, The Support Team. Message reference: SAFE-0322.","Your Order Has Been Shipped Hello, Here is the latest update from our team. The meeting will take place during normal business hours. Regards, The Support Team. Message reference: SAFE-0322.",safe,0
phishing-0318,service@urgent-account-check.com,Package Delivery Failed,"Dear Customer, Your mailbox will be disabled because it has exceeded its storage limit. Confirm your account information now: http://refund-processing.example/verify. This is your final security warning. Reference ID: PH-0318.","Package Delivery Failed Dear Customer, Your mailbox will be disabled because it has exceeded its storage limit. Confirm your account information now: http://refund-processing.example/verify. This is your final security warning. Reference ID: PH-0318.",phishing,1
phishing-0143,helpdesk@password-confirmation.net,Your Payment Was Declined,"Dear Customer, Your mailbox will be disabled because it has exceeded its storage limit. Update your payment information: http://payment-review.example/billing. This is your final security warning. Reference ID: PH-0143.","Your Payment Was Declined Dear Customer, Your mailbox will be disabled because it has exceeded its storage limit. Update your payment information: http://payment-review.example/billing. This is your final security warning. Reference ID: PH-0143.",phishing,1
phishing-0281,helpdesk@password-confirmation.net,Your Account Has Been Suspended,"Dear Customer, Your recent payment could not be processed. Update your payment information: http://reward-claim.example/winner. Ignoring this message may result in account closure. Reference ID: PH-0281.","Your Account Has Been Suspended Dear Customer, Your recent payment could not be processed. Update your payment information: http://reward-claim.example/winner. Ignoring this message may result in account closure. Reference ID: PH-0281.",phishing,1
phishing-0126,admin@secure-login-update.com,Your Payment Was Declined,"Dear Customer, Your recent payment could not be processed. Confirm your delivery address: http://account-security-check.example/login. Ignoring this message may result in account closure. Reference ID: PH-0126.","Your Payment Was Declined Dear Customer, Your recent payment could not be processed. Confirm your delivery address: http://account-security-check.example/login. Ignoring this message may result in account closure. Reference ID: PH-0126.",phishing,1
phishing-0004,support@account-verification.net,Your Payment Was Declined,"Dear Customer, Your account has temporarily been suspended. Confirm your delivery address: http://reward-claim.example/winner. This is your final security warning. Reference ID: PH-0004.","Your Payment Was Declined Dear Customer, Your account has temporarily been suspended. Confirm your delivery address: http://reward-claim.example/winner. This is your final security warning. Reference ID: PH-0004.",phishing,1
phishing-0308,security@unknown-bank-alert.com,Immediate Action Required,"Dear Customer, Your mailbox will be disabled because it has exceeded its storage limit. Confirm your delivery address: http://secure-update.example/confirm-password. This request will expire within 24 hours. Reference ID: PH-0308.","Immediate Action Required Dear Customer, Your mailbox will be disabled because it has exceeded its storage limit. Confirm your delivery address: http://secure-update.example/confirm-password. This request will expire within 24 hours. Reference ID: PH-0308.",phishing,1
safe-0308,team@project.example,Community Event Invitation,"Hello, Your order has been processed and shipped. You may ignore this message if you have already completed the task. Thanks, The Community Team. Message reference: SAFE-0308.","Community Event Invitation Hello, Your order has been processed and shipped. You may ignore this message if you have already completed the task. Thanks, The Community Team. Message reference: SAFE-0308.",safe,0
safe-0414,manager@company.example,Community Event Invitation,"Hello, Here is the latest update from our team. Please contact your manager if you have any questions. Sincerely, Customer Support. Message reference: SAFE-0414.","Community Event Invitation Hello, Here is the latest update from our team. Please contact your manager if you have any questions. Sincerely, Customer Support. Message reference: SAFE-0414.",safe,0
phishing-0227,security@cloud-storage-warning.net,Immediate Action Required,"Dear Customer, Your recent payment could not be processed. Validate your identity within 24 hours: http://account-security-check.example/login. Failure to respond may result in permanent suspension. Reference ID: PH-0227.","Immediate Action Required Dear Customer, Your recent payment could not be processed. Validate your identity within 24 hours: http://account-security-check.example/login. Failure to respond may result in permanent suspension. Reference ID: PH-0227.",phishing,1
safe-0210,notifications@calendar.example,Welcome to Our Newsletter,"Hello, Here is the latest update from our team. Please contact your manager if you have any questions. Thanks, The Community Team. Message reference: SAFE-0210.","Welcome to Our Newsletter Hello, Here is the latest update from our team. Please contact your manager if you have any questions. Thanks, The Community Team. Message reference: SAFE-0210.",safe,0
safe-0386,notifications@calendar.example,Thank You for Your Feedback,"Hello, Thank you for subscribing to our newsletter. The attached summary contains the latest approved information. Best regards, Project Management. Message reference: SAFE-0386.","Thank You for Your Feedback Hello, Thank you for subscribing to our newsletter. The attached summary contains the latest approved information. Best regards, Project Management. Message reference: SAFE-0386.",safe,0
safe-0244,updates@software.example,Monthly Subscription Receipt,"Hello, A new software update is available with performance improvements. No action is required at this time. Best regards, Project Management. Message reference: SAFE-0244.","Monthly Subscription Receipt Hello, A new software update is available with performance improvements. No action is required at this time. Best regards, Project Management. Message reference: SAFE-0244.",safe,0
phishing-0302,service@urgent-account-check.com,Your Account Has Been Suspended,"Dear Customer, We detected suspicious activity on your account. Submit your banking information to receive the refund: http://192.168.1.10/login/verify-account. This request will expire within 24 hours. Reference ID: PH-0302.","Your Account Has Been Suspended Dear Customer, We detected suspicious activity on your account. Submit your banking information to receive the refund: http://192.168.1.10/login/verify-account. This request will expire within 24 hours. Reference ID: PH-0302.",phishing,1
phishing-0112,security@unknown-bank-alert.com,URGENT: Verify Your Account Immediately,"Dear Customer, You have been selected to receive a limited reward. Unlock your account using the secure link: http://mailbox-validation.example/signin. Failure to respond may result in permanent suspension. Reference ID: PH-0112.","URGENT: Verify Your Account Immediately Dear Customer, You have been selected to receive a limited reward. Unlock your account using the secure link: http://mailbox-validation.example/signin. Failure to respond may result in permanent suspension. Reference ID: PH-0112.",phishing,1
safe-0122,orders@shop.example,Weekly Project Update,"Hello, This message contains the agenda for our upcoming meeting. We appreciate your continued participation. Sincerely, Customer Support. Message reference: SAFE-0122.","Weekly Project Update Hello, This message contains the agenda for our upcoming meeting. We appreciate your continued participation. Sincerely, Customer Support. Message reference: SAFE-0122.",safe,0
safe-0253,notifications@calendar.example,Employee Training Schedule,"Hello, Your order has been processed and shipped. The meeting will take place during normal business hours. Thanks, The Community Team. Message reference: SAFE-0253.","Employee Training Schedule Hello, Your order has been processed and shipped. The meeting will take place during normal business hours. Thanks, The Community Team. Message reference: SAFE-0253.",safe,0
phishing-0393,helpdesk@password-confirmation.net,URGENT: Verify Your Account Immediately,"Dear Customer, Your package cannot be delivered until your address is confirmed. Submit your banking information to receive the refund: http://refund-processing.example/verify. Failure to respond may result in permanent suspension. Reference ID: PH-0393.","URGENT: Verify Your Account Immediately Dear Customer, Your package cannot be delivered until your address is confirmed. Submit your banking information to receive the refund: http://refund-processing.example/verify. Failure to respond may result in permanent suspension. Reference ID: PH-0393.",phishing,1
safe-0003,billing@subscription.example,Your Monthly Account Statement,"Hello, Thank you for subscribing to our newsletter. You may ignore this message if you have already completed the task. Regards, The Support Team. Message reference: SAFE-0003.","Your Monthly Account Statement Hello, Thank you for subscribing to our newsletter. You may ignore this message if you have already completed the task. Regards, The Support Team. Message reference: SAFE-0003.",safe,0
phishing-0279,admin@secure-login-update.com,Claim Your Reward Before It Expires,"Dear Customer, Your account has temporarily been suspended. Verify your password and OTP immediately: http://account-security-check.example/login. Failure to respond may result in permanent suspension. Reference ID: PH-0279.","Claim Your Reward Before It Expires Dear Customer, Your account has temporarily been suspended. Verify your password and OTP immediately: http://account-security-check.example/login. Failure to respond may result in permanent suspension. Reference ID: PH-0279.",phishing,1
phishing-0256,security@cloud-storage-warning.net,Security Alert: Password Confirmation Required,"Dear Customer, Your mailbox will be disabled because it has exceeded its storage limit. Unlock your account using the secure link: http://secure-update.example/confirm-password. Ignoring this message may result in account closure. Reference ID: PH-0256.","Security Alert: Password Confirmation Required Dear Customer, Your mailbox will be disabled because it has exceeded its storage limit. Unlock your account using the secure link: http://secure-update.example/confirm-password. Ignoring this message may result in account closure. Reference ID: PH-0256.",phishing,1
safe-0255,support@trusted-service.example,Your Order Has Been Shipped,"Hello, Your monthly statement is now available for review. The meeting will take place during normal business hours. Sincerely, Customer Support. Message reference: SAFE-0255.","Your Order Has Been Shipped Hello, Your monthly statement is now available for review. The meeting will take place during normal business hours. Sincerely, Customer Support. Message reference: SAFE-0255.",safe,0
safe-0235,updates@software.example,Reminder: Upcoming Team Meeting,"Hello, A new software update is available with performance improvements. You can review the information from your normal account dashboard. Regards, The Support Team. Message reference: SAFE-0235.","Reminder: Upcoming Team Meeting Hello, A new software update is available with performance improvements. You can review the information from your normal account dashboard. Regards, The Support Team. Message reference: SAFE-0235.",safe,0
phishing-0007,helpdesk@password-confirmation.net,Final Warning: Account Will Be Closed,"Dear Customer, Your account has temporarily been suspended. Update your payment information: http://payment-review.example/billing. This request will expire within 24 hours. Reference ID: PH-0007.","Final Warning: Account Will Be Closed Dear Customer, Your account has temporarily been suspended. Update your payment information: http://payment-review.example/billing. This request will expire within 24 hours. Reference ID: PH-0007.",phishing,1
safe-0130,billing@subscription.example,Welcome to Our Newsletter,"Hello, Your monthly statement is now available for review. Please contact your manager if you have any questions. Regards, Account Services. Message reference: SAFE-0130.","Welcome to Our Newsletter Hello, Your monthly statement is now available for review. Please contact your manager if you have any questions. Regards, Account Services. Message reference: SAFE-0130.",safe,0
safe-0319,events@community.example,Your Monthly Account Statement,"Hello, A new software update is available with performance improvements. Please contact your manager if you have any questions. Regards, Account Services. Message reference: SAFE-0319.","Your Monthly Account Statement Hello, A new software update is available with performance improvements. Please contact your manager if you have any questions. Regards, Account Services. Message reference: SAFE-0319.",safe,0
safe-0002,team@project.example,Thank You for Your Feedback,"Hello, A new software update is available with performance improvements. The attached summary contains the latest approved information. Sincerely, Customer Support. Message reference: SAFE-0002.","Thank You for Your Feedback Hello, A new software update is available with performance improvements. The attached summary contains the latest approved information. Sincerely, Customer Support. Message reference: SAFE-0002.",safe,0
safe-0400,orders@shop.example,Community Event Invitation,"Hello, A new software update is available with performance improvements. You can review the information from your normal account dashboard. Best regards, Project Management. Message reference: SAFE-0400.","Community Event Invitation Hello, A new software update is available with performance improvements. You can review the information from your normal account dashboard. Best regards, Project Management. Message reference: SAFE-0400.",safe,0
phishing-0423,security@cloud-storage-warning.net,Final Warning: Account Will Be Closed,"Dear Customer, Your account has temporarily been suspended. Unlock your account using the secure link: http://secure-update.example/confirm-password. Act immediately to avoid interruption of service. Reference ID: PH-0423.","Final Warning: Account Will Be Closed Dear Customer, Your account has temporarily been suspended. Unlock your account using the secure link: http://secure-update.example/confirm-password. Act immediately to avoid interruption of service. Reference ID: PH-0423.",phishing,1
phishing-0061,admin@secure-login-update.com,Final Warning: Account Will Be Closed,"Dear Customer, Your identity information requires immediate verification. Submit your banking information to receive the refund: http://refund-processing.example/verify. Ignoring this message may result in account closure. Reference ID: PH-0061.","Final Warning: Account Will Be Closed Dear Customer, Your identity information requires immediate verification. Submit your banking information to receive the refund: http://refund-processing.example/verify. Ignoring this message may result in account closure. Reference ID: PH-0061.",phishing,1
safe-0093,notifications@calendar.example,Software Update Release Notes,"Hello, Your monthly statement is now available for review. Please contact your manager if you have any questions. Thank you, Human Resources. Message reference: SAFE-0093.","Software Update Release Notes Hello, Your monthly statement is now available for review. Please contact your manager if you have any questions. Thank you, Human Resources. Message reference: SAFE-0093.",safe,0
safe-0321,notifications@calendar.example,Thank You for Your Feedback,"Hello, The project team completed this week's planned activities. We appreciate your continued participation. Best regards, Project Management. Message reference: SAFE-0321.","Thank You for Your Feedback Hello, The project team completed this week's planned activities. We appreciate your continued participation. Best regards, Project Management. Message reference: SAFE-0321.",safe,0
safe-0148,billing@subscription.example,Meeting Agenda for Tomorrow,"Hello, Here is the latest update from our team. The attached summary contains the latest approved information. Sincerely, Customer Support. Message reference: SAFE-0148.","Meeting Agenda for Tomorrow Hello, Here is the latest update from our team. The attached summary contains the latest approved information. Sincerely, Customer Support. Message reference: SAFE-0148.",safe,0
phishing-0229,security@unknown-bank-alert.com,Immediate Action Required,"Dear Customer, Your recent payment could not be processed. Submit your banking information to receive the refund: http://delivery-confirmation.example/update. Failure to respond may result in permanent suspension. Reference ID: PH-0229.","Immediate Action Required Dear Customer, Your recent payment could not be processed. Submit your banking information to receive the refund: http://delivery-confirmation.example/update. Failure to respond may result in permanent suspension. Reference ID: PH-0229.",phishing,1
phishing-0442,helpdesk@password-confirmation.net,Claim Your Reward Before It Expires,"Dear Customer, An unauthorized login attempt was detected. Validate your identity within 24 hours: http://mailbox-validation.example/signin. This request will expire within 24 hours. Reference ID: PH-0442.","Claim Your Reward Before It Expires Dear Customer, An unauthorized login attempt was detected. Validate your identity within 24 hours: http://mailbox-validation.example/signin. This request will expire within 24 hours. Reference ID: PH-0442.",phishing,1
safe-0158,updates@software.example,Team Performance Summary,"Hello, Here is the latest update from our team. You can review the information from your normal account dashboard. Regards, Account Services. Message reference: SAFE-0158.","Team Performance Summary Hello, Here is the latest update from our team. You can review the information from your normal account dashboard. Regards, Account Services. Message reference: SAFE-0158.",safe,0
safe-0215,notifications@calendar.example,Thank You for Your Feedback,"Hello, Thank you for subscribing to our newsletter. No action is required at this time. Best regards, Project Management. Message reference: SAFE-0215.","Thank You for Your Feedback Hello, Thank you for subscribing to our newsletter. No action is required at this time. Best regards, Project Management. Message reference: SAFE-0215.",safe,0
phishing-0027,service@urgent-account-check.com,Immediate Action Required,"Dear Customer, Your identity information requires immediate verification. Unlock your account using the secure link: http://secure-update.example/confirm-password. Act immediately to avoid interruption of service. Reference ID: PH-0027.","Immediate Action Required Dear Customer, Your identity information requires immediate verification. Unlock your account using the secure link: http://secure-update.example/confirm-password. Act immediately to avoid interruption of service. Reference ID: PH-0027.",phishing,1
phishing-0441,support@account-verification.net,Your Account Has Been Suspended,"Dear Customer, You have been selected to receive a limited reward. Verify your password and OTP immediately: http://192.168.1.10/login/verify-account. Ignoring this message may result in account closure. Reference ID: PH-0441.","Your Account Has Been Suspended Dear Customer, You have been selected to receive a limited reward. Verify your password and OTP immediately: http://192.168.1.10/login/verify-account. Ignoring this message may result in account closure. Reference ID: PH-0441.",phishing,1
safe-0438,hr@company.example,Software Update Release Notes,"Hello, Your order has been processed and shipped. You can review the information from your normal account dashboard. Thanks, The Community Team. Message reference: SAFE-0438.","Software Update Release Notes Hello, Your order has been processed and shipped. You can review the information from your normal account dashboard. Thanks, The Community Team. Message reference: SAFE-0438.",safe,0
phishing-0084,support@account-verification.net,Tax Refund Confirmation Required,"Dear Customer, An unauthorized login attempt was detected. Submit your banking information to receive the refund: http://delivery-confirmation.example/update. This is your final security warning. Reference ID: PH-0084.","Tax Refund Confirmation Required Dear Customer, An unauthorized login attempt was detected. Submit your banking information to receive the refund: http://delivery-confirmation.example/update. This is your final security warning. Reference ID: PH-0084.",phishing,1
safe-0077,newsletter@company.example,Software Update Release Notes,"Hello, Your order has been processed and shipped. We appreciate your continued participation. Regards, The Support Team. Message reference: SAFE-0077.","Software Update Release Notes Hello, Your order has been processed and shipped. We appreciate your continued participation. Regards, The Support Team. Message reference: SAFE-0077.",safe,0
phishing-0491,service@urgent-account-check.com,Confirm Your Banking Information,"Dear Customer, Your mailbox will be disabled because it has exceeded its storage limit. Unlock your account using the secure link: http://account-security-check.example/login. This request will expire within 24 hours. Reference ID: PH-0491.","Confirm Your Banking Information Dear Customer, Your mailbox will be disabled because it has exceeded its storage limit. Unlock your account using the secure link: http://account-security-check.example/login. This request will expire within 24 hours. Reference ID: PH-0491.",phishing,1
safe-0290,events@community.example,Community Event Invitation,"Hello, This is a reminder about the scheduled team meeting. The attached summary contains the latest approved information. Regards, Account Services. Message reference: SAFE-0290.","Community Event Invitation Hello, This is a reminder about the scheduled team meeting. The attached summary contains the latest approved information. Regards, Account Services. Message reference: SAFE-0290.",safe,0
safe-0172,manager@company.example,Reminder: Upcoming Team Meeting,"Hello, Thank you for subscribing to our newsletter. You may ignore this message if you have already completed the task. Thanks, The Community Team. Message reference: SAFE-0172.","Reminder: Upcoming Team Meeting Hello, Thank you for subscribing to our newsletter. You may ignore this message if you have already completed the task. Thanks, The Community Team. Message reference: SAFE-0172.",safe,0
phishing-0088,rewards@claim-prize-now.net,URGENT: Verify Your Account Immediately,"Dear Customer, Your package cannot be delivered until your address is confirmed. Submit your banking information to receive the refund: http://mailbox-validation.example/signin. Ignoring this message may result in account closure. Reference ID: PH-0088.","URGENT: Verify Your Account Immediately Dear Customer, Your package cannot be delivered until your address is confirmed. Submit your banking information to receive the refund: http://mailbox-validation.example/signin. Ignoring this message may result in account closure. Reference ID: PH-0088.",phishing,1
phishing-0023,billing@payment-review-alert.com,Your Payment Was Declined,"Dear Customer, We detected suspicious activity on your account. Update your payment information: http://mailbox-validation.example/signin. Failure to respond may result in permanent suspension. Reference ID: PH-0023.","Your Payment Was Declined Dear Customer, We detected suspicious activity on your account. Update your payment information: http://mailbox-validation.example/signin. Failure to respond may result in permanent suspension. Reference ID: PH-0023.",phishing,1
phishing-0404,security@cloud-storage-warning.net,Your Account Has Been Suspended,"Dear Customer, Your recent payment could not be processed. Confirm your delivery address: http://refund-processing.example/verify. Ignoring this message may result in account closure. Reference ID: PH-0404.","Your Account Has Been Suspended Dear Customer, Your recent payment could not be processed. Confirm your delivery address: http://refund-processing.example/verify. Ignoring this message may result in account closure. Reference ID: PH-0404.",phishing,1
safe-0282,updates@software.example,Meeting Agenda for Tomorrow,"Hello, This is a reminder about the scheduled team meeting. No action is required at this time. Best regards, Project Management. Message reference: SAFE-0282.","Meeting Agenda for Tomorrow Hello, This is a reminder about the scheduled team meeting. No action is required at this time. Best regards, Project Management. Message reference: SAFE-0282.",safe,0
safe-0194,newsletter@company.example,Weekly Project Update,"Hello, The project team completed this week's planned activities. You can review the information from your normal account dashboard. Best regards, Project Management. Message reference: SAFE-0194.","Weekly Project Update Hello, The project team completed this week's planned activities. You can review the information from your normal account dashboard. Best regards, Project Management. Message reference: SAFE-0194.",safe,0
safe-0082,manager@company.example,Thank You for Your Feedback,"Hello, This is a reminder about the scheduled team meeting. You can review the information from your normal account dashboard. Regards, The Support Team. Message reference: SAFE-0082.","Thank You for Your Feedback Hello, This is a reminder about the scheduled team meeting. You can review the information from your normal account dashboard. Regards, The Support Team. Message reference: SAFE-0082.",safe,0
phishing-0390,billing@payment-review-alert.com,Security Alert: Password Confirmation Required,"Dear Customer, Your account has temporarily been suspended. Update your payment information: http://mailbox-validation.example/signin. This is your final security warning. Reference ID: PH-0390.","Security Alert: Password Confirmation Required Dear Customer, Your account has temporarily been suspended. Update your payment information: http://mailbox-validation.example/signin. This is your final security warning. Reference ID: PH-0390.",phishing,1
safe-0262,orders@shop.example,Your Monthly Account Statement,"Hello, Thank you for subscribing to our newsletter. The attached summary contains the latest approved information. Regards, The Support Team. Message reference: SAFE-0262.","Your Monthly Account Statement Hello, Thank you for subscribing to our newsletter. The attached summary contains the latest approved information. Regards, The Support Team. Message reference: SAFE-0262.",safe,0
safe-0197,support@trusted-service.example,Your Monthly Account Statement,"Hello, This is a reminder about the scheduled team meeting. You may ignore this message if you have already completed the task. Thank you, Human Resources. Message reference: SAFE-0197.","Your Monthly Account Statement Hello, This is a reminder about the scheduled team meeting. You may ignore this message if you have already completed the task. Thank you, Human Resources. Message reference: SAFE-0197.",safe,0
safe-0440,team@project.example,Welcome to Our Newsletter,"Hello, Your order has been processed and shipped. Please contact your manager if you have any questions. Regards, The Support Team. Message reference: SAFE-0440.","Welcome to Our Newsletter Hello, Your order has been processed and shipped. Please contact your manager if you have any questions. Regards, The Support Team. Message reference: SAFE-0440.",safe,0
safe-0044,team@project.example,Welcome to Our Newsletter,"Hello, Your monthly statement is now available for review. No action is required at this time. Regards, The Support Team. Message reference: SAFE-0044.","Welcome to Our Newsletter Hello, Your monthly statement is now available for review. No action is required at this time. Regards, The Support Team. Message reference: SAFE-0044.",safe,0
safe-0186,updates@software.example,Your Order Has Been Shipped,"Hello, Your monthly statement is now available for review. Your existing password and account settings remain unchanged. Thanks, The Community Team. Message reference: SAFE-0186.","Your Order Has Been Shipped Hello, Your monthly statement is now available for review. Your existing password and account settings remain unchanged. Thanks, The Community Team. Message reference: SAFE-0186.",safe,0
safe-0325,manager@company.example,Reminder: Upcoming Team Meeting,"Hello, The project team completed this week's planned activities. The attached summary contains the latest approved information. Best regards, Project Management. Message reference: SAFE-0325.","Reminder: Upcoming Team Meeting Hello, The project team completed this week's planned activities. The attached summary contains the latest approved information. Best regards, Project Management. Message reference: SAFE-0325.",safe,0
phishing-0231,notice@tax-refund-review.com,Confirm Your Banking Information,"Dear Customer, Your mailbox will be disabled because it has exceeded its storage limit. Update your payment information: http://account-security-check.example/login. This is your final security warning. Reference ID: PH-0231.","Confirm Your Banking Information Dear Customer, Your mailbox will be disabled because it has exceeded its storage limit. Update your payment information: http://account-security-check.example/login. This is your final security warning. Reference ID: PH-0231.",phishing,1
phishing-0059,helpdesk@password-confirmation.net,Tax Refund Confirmation Required,"Dear Customer, Your account has temporarily been suspended. Verify your password and OTP immediately: http://reward-claim.example/winner. This is your final security warning. Reference ID: PH-0059.","Tax Refund Confirmation Required Dear Customer, Your account has temporarily been suspended. Verify your password and OTP immediately: http://reward-claim.example/winner. This is your final security warning. Reference ID: PH-0059.",phishing,1
safe-0047,notifications@calendar.example,Community Event Invitation,"Hello, Your order has been processed and shipped. Your existing password and account settings remain unchanged. Thanks, The Community Team. Message reference: SAFE-0047.","Community Event Invitation Hello, Your order has been processed and shipped. Your existing password and account settings remain unchanged. Thanks, The Community Team. Message reference: SAFE-0047.",safe,0
phishing-0064,billing@payment-review-alert.com,Final Warning: Account Will Be Closed,"Dear Customer, Your mailbox will be disabled because it has exceeded its storage limit. Submit your banking information to receive the refund: http://payment-review.example/billing. Ignoring this message may result in account closure. Reference ID: PH-0064.","Final Warning: Account Will Be Closed Dear Customer, Your mailbox will be disabled because it has exceeded its storage limit. Submit your banking information to receive the refund: http://payment-review.example/billing. Ignoring this message may result in account closure. Reference ID: PH-0064.",phishing,1
safe-0406,events@community.example,Team Performance Summary,"Hello, This is a reminder about the scheduled team meeting. You can review the information from your normal account dashboard. Thank you, Human Resources. Message reference: SAFE-0406.","Team Performance Summary Hello, This is a reminder about the scheduled team meeting. You can review the information from your normal account dashboard. Thank you, Human Resources. Message reference: SAFE-0406.",safe,0
phishing-0487,security@unknown-bank-alert.com,Unusual Login Attempt Detected,"Dear Customer, We detected suspicious activity on your account. Update your payment information: http://delivery-confirmation.example/update. Failure to respond may result in permanent suspension. Reference ID: PH-0487.","Unusual Login Attempt Detected Dear Customer, We detected suspicious activity on your account. Update your payment information: http://delivery-confirmation.example/update. Failure to respond may result in permanent suspension. Reference ID: PH-0487.",phishing,1
phishing-0355,admin@secure-login-update.com,Confirm Your Banking Information,"Dear Customer, You have been selected to receive a limited reward. Confirm your delivery address: http://payment-review.example/billing. This request will expire within 24 hours. Reference ID: PH-0355.","Confirm Your Banking Information Dear Customer, You have been selected to receive a limited reward. Confirm your delivery address: http://payment-review.example/billing. This request will expire within 24 hours. Reference ID: PH-0355.",phishing,1
safe-0363,events@community.example,Software Update Release Notes,"Hello, This message contains the agenda for our upcoming meeting. You can review the information from your normal account dashboard. Regards, The Support Team. Message reference: SAFE-0363.","Software Update Release Notes Hello, This message contains the agenda for our upcoming meeting. You can review the information from your normal account dashboard. Regards, The Support Team. Message reference: SAFE-0363.",safe,0
phishing-0129,helpdesk@password-confirmation.net,Final Warning: Account Will Be Closed,"Dear Customer, Your package cannot be delivered until your address is confirmed. Sign in to prevent permanent account closure: http://reward-claim.example/winner. This request will expire within 24 hours. Reference ID: PH-0129.","Final Warning: Account Will Be Closed Dear Customer, Your package cannot be delivered until your address is confirmed. Sign in to prevent permanent account closure: http://reward-claim.example/winner. This request will expire within 24 hours. Reference ID: PH-0129.",phishing,1
safe-0368,notifications@calendar.example,Monthly Subscription Receipt,"Hello, This message contains the agenda for our upcoming meeting. The meeting will take place during normal business hours. Regards, Account Services. Message reference: SAFE-0368.","Monthly Subscription Receipt Hello, This message contains the agenda for our upcoming meeting. The meeting will take place during normal business hours. Regards, Account Services. Message reference: SAFE-0368.",safe,0
safe-0233,billing@subscription.example,Welcome to Our Newsletter,"Hello, This message contains the agenda for our upcoming meeting. You can review the information from your normal account dashboard. Best regards, Project Management. Message reference: SAFE-0233.","Welcome to Our Newsletter Hello, This message contains the agenda for our upcoming meeting. You can review the information from your normal account dashboard. Best regards, Project Management. Message reference: SAFE-0233.",safe,0
phishing-0104,delivery@parcel-update-alert.com,Your Account Has Been Suspended,"Dear Customer, Your account has temporarily been suspended. Sign in to prevent permanent account closure: http://secure-update.example/confirm-password. Ignoring this message may result in account closure. Reference ID: PH-0104.","Your Account Has Been Suspended Dear Customer, Your account has temporarily been suspended. Sign in to prevent permanent account closure: http://secure-update.example/confirm-password. Ignoring this message may result in account closure. Reference ID: PH-0104.",phishing,1
phishing-0303,rewards@claim-prize-now.net,Tax Refund Confirmation Required,"Dear Customer, Your mailbox will be disabled because it has exceeded its storage limit. Update your payment information: http://reward-claim.example/winner. This request will expire within 24 hours. Reference ID: PH-0303.","Tax Refund Confirmation Required Dear Customer, Your mailbox will be disabled because it has exceeded its storage limit. Update your payment information: http://reward-claim.example/winner. This request will expire within 24 hours. Reference ID: PH-0303.",phishing,1
phishing-0233,rewards@claim-prize-now.net,Your Payment Was Declined,"Dear Customer, An unauthorized login attempt was detected. Unlock your account using the secure link: http://account-security-check.example/login. This is your final security warning. Reference ID: PH-0233.","Your Payment Was Declined Dear Customer, An unauthorized login attempt was detected. Unlock your account using the secure link: http://account-security-check.example/login. This is your final security warning. Reference ID: PH-0233.",phishing,1
safe-0092,billing@subscription.example,Weekly Project Update,"Hello, Here is the latest update from our team. You may ignore this message if you have already completed the task. Regards, The Support Team. Message reference: SAFE-0092.","Weekly Project Update Hello, Here is the latest update from our team. You may ignore this message if you have already completed the task. Regards, The Support Team. Message reference: SAFE-0092.",safe,0
safe-0013,orders@shop.example,Welcome to Our Newsletter,"Hello, Your monthly statement is now available for review. You may ignore this message if you have already completed the task. Thank you, Human Resources. Message reference: SAFE-0013.","Welcome to Our Newsletter Hello, Your monthly statement is now available for review. You may ignore this message if you have already completed the task. Thank you, Human Resources. Message reference: SAFE-0013.",safe,0
safe-0231,events@community.example,Weekly Project Update,"Hello, This message contains the agenda for our upcoming meeting. The meeting will take place during normal business hours. Thank you, Human Resources. Message reference: SAFE-0231.","Weekly Project Update Hello, This message contains the agenda for our upcoming meeting. The meeting will take place during normal business hours. Thank you, Human Resources. Message reference: SAFE-0231.",safe,0
safe-0166,updates@software.example,Software Update Release Notes,"Hello, This message contains the agenda for our upcoming meeting. Please contact your manager if you have any questions. Best regards, Project Management. Message reference: SAFE-0166.","Software Update Release Notes Hello, This message contains the agenda for our upcoming meeting. Please contact your manager if you have any questions. Best regards, Project Management. Message reference: SAFE-0166.",safe,0
safe-0429,hr@company.example,Your Monthly Account Statement,"Hello, This is a reminder about the scheduled team meeting. The meeting will take place during normal business hours. Regards, The Support Team. Message reference: SAFE-0429.","Your Monthly Account Statement Hello, This is a reminder about the scheduled team meeting. The meeting will take place during normal business hours. Regards, The Support Team. Message reference: SAFE-0429.",safe,0
phishing-0459,rewards@claim-prize-now.net,Unusual Login Attempt Detected,"Dear Customer, An unauthorized login attempt was detected. Validate your identity within 24 hours: http://192.168.1.10/login/verify-account. Failure to respond may result in permanent suspension. Reference ID: PH-0459.","Unusual Login Attempt Detected Dear Customer, An unauthorized login attempt was detected. Validate your identity within 24 hours: http://192.168.1.10/login/verify-account. Failure to respond may result in permanent suspension. Reference ID: PH-0459.",phishing,1
phishing-0440,billing@payment-review-alert.com,Immediate Action Required,"Dear Customer, Your recent payment could not be processed. Validate your identity within 24 hours: http://payment-review.example/billing. This request will expire within 24 hours. Reference ID: PH-0440.","Immediate Action Required Dear Customer, Your recent payment could not be processed. Validate your identity within 24 hours: http://payment-review.example/billing. This request will expire within 24 hours. Reference ID: PH-0440.",phishing,1
safe-0280,notifications@calendar.example,Monthly Subscription Receipt,"Hello, Your monthly statement is now available for review. We appreciate your continued participation. Regards, The Support Team. Message reference: SAFE-0280.","Monthly Subscription Receipt Hello, Your monthly statement is now available for review. We appreciate your continued participation. Regards, The Support Team. Message reference: SAFE-0280.",safe,0
phishing-0357,security@unknown-bank-alert.com,Tax Refund Confirmation Required,"Dear Customer, Your account has temporarily been suspended. Verify your password and OTP immediately: http://192.168.1.10/login/verify-account. Failure to respond may result in permanent suspension. Reference ID: PH-0357.","Tax Refund Confirmation Required Dear Customer, Your account has temporarily been suspended. Verify your password and OTP immediately: http://192.168.1.10/login/verify-account. Failure to respond may result in permanent suspension. Reference ID: PH-0357.",phishing,1
safe-0300,support@trusted-service.example,Welcome to Our Newsletter,"Hello, A new software update is available with performance improvements. You may ignore this message if you have already completed the task. Regards, Account Services. Message reference: SAFE-0300.","Welcome to Our Newsletter Hello, A new software update is available with performance improvements. You may ignore this message if you have already completed the task. Regards, Account Services. Message reference: SAFE-0300.",safe,0
phishing-0093,helpdesk@password-confirmation.net,Confirm Your Banking Information,"Dear Customer, Your package cannot be delivered until your address is confirmed. Unlock your account using the secure link: http://secure-update.example/confirm-password. This request will expire within 24 hours. Reference ID: PH-0093.","Confirm Your Banking Information Dear Customer, Your package cannot be delivered until your address is confirmed. Unlock your account using the secure link: http://secure-update.example/confirm-password. This request will expire within 24 hours. Reference ID: PH-0093.",phishing,1
safe-0058,team@project.example,Meeting Agenda for Tomorrow,"Hello, Thank you for subscribing to our newsletter. You can review the information from your normal account dashboard. Regards, Account Services. Message reference: SAFE-0058.","Meeting Agenda for Tomorrow Hello, Thank you for subscribing to our newsletter. You can review the information from your normal account dashboard. Regards, Account Services. Message reference: SAFE-0058.",safe,0
phishing-0479,admin@secure-login-update.com,URGENT: Verify Your Account Immediately,"Dear Customer, Your recent payment could not be processed. Confirm your account information now: http://refund-processing.example/verify. This request will expire within 24 hours. Reference ID: PH-0479.","URGENT: Verify Your Account Immediately Dear Customer, Your recent payment could not be processed. Confirm your account information now: http://refund-processing.example/verify. This request will expire within 24 hours. Reference ID: PH-0479.",phishing,1
phishing-0047,billing@payment-review-alert.com,Your Account Has Been Suspended,"Dear Customer, You have been selected to receive a limited reward. Update your payment information: http://refund-processing.example/verify. This is your final security warning. Reference ID: PH-0047.","Your Account Has Been Suspended Dear Customer, You have been selected to receive a limited reward. Update your payment information: http://refund-processing.example/verify. This is your final security warning. Reference ID: PH-0047.",phishing,1
safe-0384,orders@shop.example,Employee Training Schedule,"Hello, Thank you for subscribing to our newsletter. The meeting will take place during normal business hours. Thank you, Human Resources. Message reference: SAFE-0384.","Employee Training Schedule Hello, Thank you for subscribing to our newsletter. The meeting will take place during normal business hours. Thank you, Human Resources. Message reference: SAFE-0384.",safe,0
safe-0331,manager@company.example,Community Event Invitation,"Hello, This is a reminder about the scheduled team meeting. No action is required at this time. Thank you, Human Resources. Message reference: SAFE-0331.","Community Event Invitation Hello, This is a reminder about the scheduled team meeting. No action is required at this time. Thank you, Human Resources. Message reference: SAFE-0331.",safe,0
phishing-0238,support@account-verification.net,Security Alert: Password Confirmation Required,"Dear Customer, Your mailbox will be disabled because it has exceeded its storage limit. Validate your identity within 24 hours: http://mailbox-validation.example/signin. Act immediately to avoid interruption of service. Reference ID: PH-0238.","Security Alert: Password Confirmation Required Dear Customer, Your mailbox will be disabled because it has exceeded its storage limit. Validate your identity within 24 hours: http://mailbox-validation.example/signin. Act immediately to avoid interruption of service. Reference ID: PH-0238.",phishing,1
safe-0073,notifications@calendar.example,Meeting Agenda for Tomorrow,"Hello, Your monthly statement is now available for review. No action is required at this time. Sincerely, Customer Support. Message reference: SAFE-0073.","Meeting Agenda for Tomorrow Hello, Your monthly statement is now available for review. No action is required at this time. Sincerely, Customer Support. Message reference: SAFE-0073.",safe,0
safe-0265,manager@company.example,Meeting Agenda for Tomorrow,"Hello, This message contains the agenda for our upcoming meeting. The meeting will take place during normal business hours. Thanks, The Community Team. Message reference: SAFE-0265.","Meeting Agenda for Tomorrow Hello, This message contains the agenda for our upcoming meeting. The meeting will take place during normal business hours. Thanks, The Community Team. Message reference: SAFE-0265.",safe,0
phishing-0354,support@account-verification.net,Your Payment Was Declined,"Dear Customer, Your identity information requires immediate verification. Update your payment information: http://account-security-check.example/login. Failure to respond may result in permanent suspension. Reference ID: PH-0354.","Your Payment Was Declined Dear Customer, Your identity information requires immediate verification. Update your payment information: http://account-security-check.example/login. Failure to respond may result in permanent suspension. Reference ID: PH-0354.",phishing,1
safe-0028,billing@subscription.example,Your Monthly Account Statement,"Hello, Your order has been processed and shipped. You can review the information from your normal account dashboard. Thank you, Human Resources. Message reference: SAFE-0028.","Your Monthly Account Statement Hello, Your order has been processed and shipped. You can review the information from your normal account dashboard. Thank you, Human Resources. Message reference: SAFE-0028.",safe,0
safe-0418,team@project.example,Reminder: Upcoming Team Meeting,"Hello, This is a reminder about the scheduled team meeting. Your existing password and account settings remain unchanged. Thank you, Human Resources. Message reference: SAFE-0418.","Reminder: Upcoming Team Meeting Hello, This is a reminder about the scheduled team meeting. Your existing password and account settings remain unchanged. Thank you, Human Resources. Message reference: SAFE-0418.",safe,0
safe-0151,updates@software.example,Your Order Has Been Shipped,"Hello, The project team completed this week's planned activities. No action is required at this time. Best regards, Project Management. Message reference: SAFE-0151.","Your Order Has Been Shipped Hello, The project team completed this week's planned activities. No action is required at this time. Best regards, Project Management. Message reference: SAFE-0151.",safe,0
phishing-0217,helpdesk@password-confirmation.net,URGENT: Verify Your Account Immediately,"Dear Customer, Your recent payment could not be processed. Sign in to prevent permanent account closure: http://account-security-check.example/login. Ignoring this message may result in account closure. Reference ID: PH-0217.","URGENT: Verify Your Account Immediately Dear Customer, Your recent payment could not be processed. Sign in to prevent permanent account closure: http://account-security-check.example/login. Ignoring this message may result in account closure. Reference ID: PH-0217.",phishing,1
phishing-0086,rewards@claim-prize-now.net,Confirm Your Banking Information,"Dear Customer, Your identity information requires immediate verification. Verify your password and OTP immediately: http://delivery-confirmation.example/update. Act immediately to avoid interruption of service. Reference ID: PH-0086.","Confirm Your Banking Information Dear Customer, Your identity information requires immediate verification. Verify your password and OTP immediately: http://delivery-confirmation.example/update. Act immediately to avoid interruption of service. Reference ID: PH-0086.",phishing,1
phishing-0237,notice@tax-refund-review.com,Immediate Action Required,"Dear Customer, An unauthorized login attempt was detected. Unlock your account using the secure link: http://secure-update.example/confirm-password. This request will expire within 24 hours. Reference ID: PH-0237.","Immediate Action Required Dear Customer, An unauthorized login attempt was detected. Unlock your account using the secure link: http://secure-update.example/confirm-password. This request will expire within 24 hours. Reference ID: PH-0237.",phishing,1
phishing-0147,delivery@parcel-update-alert.com,Final Warning: Account Will Be Closed,"Dear Customer, An unauthorized login attempt was detected. Submit your banking information to receive the refund: http://refund-processing.example/verify. This is your final security warning. Reference ID: PH-0147.","Final Warning: Account Will Be Closed Dear Customer, An unauthorized login attempt was detected. Submit your banking information to receive the refund: http://refund-processing.example/verify. This is your final security warning. Reference ID: PH-0147.",phishing,1
safe-0156,updates@software.example,Meeting Agenda for Tomorrow,"Hello, A new software update is available with performance improvements. Please contact your manager if you have any questions. Thanks, The Community Team. Message reference: SAFE-0156.","Meeting Agenda for Tomorrow Hello, A new software update is available with performance improvements. Please contact your manager if you have any questions. Thanks, The Community Team. Message reference: SAFE-0156.",safe,0
safe-0204,billing@subscription.example,Weekly Project Update,"Hello, Thank you for subscribing to our newsletter. You can review the information from your normal account dashboard. Regards, The Support Team. Message reference: SAFE-0204.","Weekly Project Update Hello, Thank you for subscribing to our newsletter. You can review the information from your normal account dashboard. Regards, The Support Team. Message reference: SAFE-0204.",safe,0
phishing-0226,admin@secure-login-update.com,Immediate Action Required,"Dear Customer, Your recent payment could not be processed. Validate your identity within 24 hours: http://reward-claim.example/winner. Act immediately to avoid interruption of service. Reference ID: PH-0226.","Immediate Action Required Dear Customer, Your recent payment could not be processed. Validate your identity within 24 hours: http://reward-claim.example/winner. Act immediately to avoid interruption of service. Reference ID: PH-0226.",phishing,1
phishing-0150,rewards@claim-prize-now.net,URGENT: Verify Your Account Immediately,"Dear Customer, Your package cannot be delivered until your address is confirmed. Sign in to prevent permanent account closure: http://mailbox-validation.example/signin. This request will expire within 24 hours. Reference ID: PH-0150.","URGENT: Verify Your Account Immediately Dear Customer, Your package cannot be delivered until your address is confirmed. Sign in to prevent permanent account closure: http://mailbox-validation.example/signin. This request will expire within 24 hours. Reference ID: PH-0150.",phishing,1
phishing-0098,delivery@parcel-update-alert.com,Unusual Login Attempt Detected,"Dear Customer, Your recent payment could not be processed. Confirm your delivery address: http://payment-review.example/billing. This request will expire within 24 hours. Reference ID: PH-0098.","Unusual Login Attempt Detected Dear Customer, Your recent payment could not be processed. Confirm your delivery address: http://payment-review.example/billing. This request will expire within 24 hours. Reference ID: PH-0098.",phishing,1
phishing-0026,billing@payment-review-alert.com,Your Payment Was Declined,"Dear Customer, Your account has temporarily been suspended. Sign in to prevent permanent account closure: http://192.168.1.10/login/verify-account. This is your final security warning. Reference ID: PH-0026.","Your Payment Was Declined Dear Customer, Your account has temporarily been suspended. Sign in to prevent permanent account closure: http://192.168.1.10/login/verify-account. This is your final security warning. Reference ID: PH-0026.",phishing,1
safe-0323,team@project.example,Your Monthly Account Statement,"Hello, The project team completed this week's planned activities. You can review the information from your normal account dashboard. Sincerely, Customer Support. Message reference: SAFE-0323.","Your Monthly Account Statement Hello, The project team completed this week's planned activities. You can review the information from your normal account dashboard. Sincerely, Customer Support. Message reference: SAFE-0323.",safe,0
phishing-0265,rewards@claim-prize-now.net,Claim Your Reward Before It Expires,"Dear Customer, An unauthorized login attempt was detected. Validate your identity within 24 hours: http://mailbox-validation.example/signin. Ignoring this message may result in account closure. Reference ID: PH-0265.","Claim Your Reward Before It Expires Dear Customer, An unauthorized login attempt was detected. Validate your identity within 24 hours: http://mailbox-validation.example/signin. Ignoring this message may result in account closure. Reference ID: PH-0265.",phishing,1
safe-0408,billing@subscription.example,Monthly Subscription Receipt,"Hello, This is a reminder about the scheduled team meeting. Please contact your manager if you have any questions. Best regards, Project Management. Message reference: SAFE-0408.","Monthly Subscription Receipt Hello, This is a reminder about the scheduled team meeting. Please contact your manager if you have any questions. Best regards, Project Management. Message reference: SAFE-0408.",safe,0
safe-0286,newsletter@company.example,Weekly Project Update,"Hello, Here is the latest update from our team. The attached summary contains the latest approved information. Regards, The Support Team. Message reference: SAFE-0286.","Weekly Project Update Hello, Here is the latest update from our team. The attached summary contains the latest approved information. Regards, The Support Team. Message reference: SAFE-0286.",safe,0
phishing-0476,admin@secure-login-update.com,Claim Your Reward Before It Expires,"Dear Customer, Your identity information requires immediate verification. Validate your identity within 24 hours: http://reward-claim.example/winner. Ignoring this message may result in account closure. Reference ID: PH-0476.","Claim Your Reward Before It Expires Dear Customer, Your identity information requires immediate verification. Validate your identity within 24 hours: http://reward-claim.example/winner. Ignoring this message may result in account closure. Reference ID: PH-0476.",phishing,1
safe-0432,team@project.example,Employee Training Schedule,"Hello, Here is the latest update from our team. Please contact your manager if you have any questions. Regards, The Support Team. Message reference: SAFE-0432.","Employee Training Schedule Hello, Here is the latest update from our team. Please contact your manager if you have any questions. Regards, The Support Team. Message reference: SAFE-0432.",safe,0
safe-0203,manager@company.example,Your Monthly Account Statement,"Hello, A new software update is available with performance improvements. Your existing password and account settings remain unchanged. Thanks, The Community Team. Message reference: SAFE-0203.","Your Monthly Account Statement Hello, A new software update is available with performance improvements. Your existing password and account settings remain unchanged. Thanks, The Community Team. Message reference: SAFE-0203.",safe,0
phishing-0276,service@urgent-account-check.com,Security Alert: Password Confirmation Required,"Dear Customer, Your recent payment could not be processed. Validate your identity within 24 hours: http://account-security-check.example/login. This request will expire within 24 hours. Reference ID: PH-0276.","Security Alert: Password Confirmation Required Dear Customer, Your recent payment could not be processed. Validate your identity within 24 hours: http://account-security-check.example/login. This request will expire within 24 hours. Reference ID: PH-0276.",phishing,1
safe-0266,orders@shop.example,Weekly Project Update,"Hello, This message contains the agenda for our upcoming meeting. Your existing password and account settings remain unchanged. Regards, Account Services. Message reference: SAFE-0266.","Weekly Project Update Hello, This message contains the agenda for our upcoming meeting. Your existing password and account settings remain unchanged. Regards, Account Services. Message reference: SAFE-0266.",safe,0
safe-0126,newsletter@company.example,Software Update Release Notes,"Hello, Here is the latest update from our team. Your existing password and account settings remain unchanged. Regards, The Support Team. Message reference: SAFE-0126.","Software Update Release Notes Hello, Here is the latest update from our team. Your existing password and account settings remain unchanged. Regards, The Support Team. Message reference: SAFE-0126.",safe,0
safe-0022,team@project.example,Your Monthly Account Statement,"Hello, A new software update is available with performance improvements. Your existing password and account settings remain unchanged. Sincerely, Customer Support. Message reference: SAFE-0022.","Your Monthly Account Statement Hello, A new software update is available with performance improvements. Your existing password and account settings remain unchanged. Sincerely, Customer Support. Message reference: SAFE-0022.",safe,0
safe-0234,hr@company.example,Meeting Agenda for Tomorrow,"Hello, Here is the latest update from our team. We appreciate your continued participation. Sincerely, Customer Support. Message reference: SAFE-0234.","Meeting Agenda for Tomorrow Hello, Here is the latest update from our team. We appreciate your continued participation. Sincerely, Customer Support. Message reference: SAFE-0234.",safe,0
phishing-0232,support@account-verification.net,Confirm Your Banking Information,"Dear Customer, Your mailbox will be disabled because it has exceeded its storage limit. Confirm your delivery address: http://192.168.1.10/login/verify-account. Act immediately to avoid interruption of service. Reference ID: PH-0232.","Confirm Your Banking Information Dear Customer, Your mailbox will be disabled because it has exceeded its storage limit. Confirm your delivery address: http://192.168.1.10/login/verify-account. Act immediately to avoid interruption of service. Reference ID: PH-0232.",phishing,1
safe-0056,newsletter@company.example,Community Event Invitation,"Hello, Your monthly statement is now available for review. The attached summary contains the latest approved information. Thank you, Human Resources. Message reference: SAFE-0056.","Community Event Invitation Hello, Your monthly statement is now available for review. The attached summary contains the latest approved information. Thank you, Human Resources. Message reference: SAFE-0056.",safe,0
phishing-0456,rewards@claim-prize-now.net,Unusual Login Attempt Detected,"Dear Customer, Your recent payment could not be processed. Sign in to prevent permanent account closure: http://delivery-confirmation.example/update. Ignoring this message may result in account closure. Reference ID: PH-0456.","Unusual Login Attempt Detected Dear Customer, Your recent payment could not be processed. Sign in to prevent permanent account closure: http://delivery-confirmation.example/update. Ignoring this message may result in account closure. Reference ID: PH-0456.",phishing,1
safe-0020,hr@company.example,Weekly Project Update,"Hello, A new software update is available with performance improvements. You may ignore this message if you have already completed the task. Regards, The Support Team. Message reference: SAFE-0020.","Weekly Project Update Hello, A new software update is available with performance improvements. You may ignore this message if you have already completed the task. Regards, The Support Team. Message reference: SAFE-0020.",safe,0
safe-0361,newsletter@company.example,Employee Training Schedule,"Hello, This message contains the agenda for our upcoming meeting. You can review the information from your normal account dashboard. Thanks, The Community Team. Message reference: SAFE-0361.","Employee Training Schedule Hello, This message contains the agenda for our upcoming meeting. You can review the information from your normal account dashboard. Thanks, The Community Team. Message reference: SAFE-0361.",safe,0
phishing-0329,admin@secure-login-update.com,Your Mailbox Storage Is Full,"Dear Customer, Your identity information requires immediate verification. Confirm your delivery address: http://account-security-check.example/login. Failure to respond may result in permanent suspension. Reference ID: PH-0329.","Your Mailbox Storage Is Full Dear Customer, Your identity information requires immediate verification. Confirm your delivery address: http://account-security-check.example/login. Failure to respond may result in permanent suspension. Reference ID: PH-0329.",phishing,1
safe-0269,support@trusted-service.example,Employee Training Schedule,"Hello, The project team completed this week's planned activities. Please contact your manager if you have any questions. Best regards, Project Management. Message reference: SAFE-0269.","Employee Training Schedule Hello, The project team completed this week's planned activities. Please contact your manager if you have any questions. Best regards, Project Management. Message reference: SAFE-0269.",safe,0
safe-0275,orders@shop.example,Thank You for Your Feedback,"Hello, A new software update is available with performance improvements. You may ignore this message if you have already completed the task. Sincerely, Customer Support. Message reference: SAFE-0275.","Thank You for Your Feedback Hello, A new software update is available with performance improvements. You may ignore this message if you have already completed the task. Sincerely, Customer Support. Message reference: SAFE-0275.",safe,0
phishing-0305,rewards@claim-prize-now.net,Security Alert: Password Confirmation Required,"Dear Customer, Your mailbox will be disabled because it has exceeded its storage limit. Sign in to prevent permanent account closure: http://payment-review.example/billing. This is your final security warning. Reference ID: PH-0305.","Security Alert: Password Confirmation Required Dear Customer, Your mailbox will be disabled because it has exceeded its storage limit. Sign in to prevent permanent account closure: http://payment-review.example/billing. This is your final security warning. Reference ID: PH-0305.",phishing,1
safe-0293,notifications@calendar.example,Software Update Release Notes,"Hello, Your order has been processed and shipped. Your existing password and account settings remain unchanged. Regards, Account Services. Message reference: SAFE-0293.","Software Update Release Notes Hello, Your order has been processed and shipped. Your existing password and account settings remain unchanged. Regards, Account Services. Message reference: SAFE-0293.",safe,0
safe-0401,support@trusted-service.example,Your Monthly Account Statement,"Hello, Your monthly statement is now available for review. The attached summary contains the latest approved information. Thanks, The Community Team. Message reference: SAFE-0401.","Your Monthly Account Statement Hello, Your monthly statement is now available for review. The attached summary contains the latest approved information. Thanks, The Community Team. Message reference: SAFE-0401.",safe,0
phishing-0421,support@account-verification.net,Security Alert: Password Confirmation Required,"Dear Customer, You have been selected to receive a limited reward. Verify your password and OTP immediately: http://account-security-check.example/login. Failure to respond may result in permanent suspension. Reference ID: PH-0421.","Security Alert: Password Confirmation Required Dear Customer, You have been selected to receive a limited reward. Verify your password and OTP immediately: http://account-security-check.example/login. Failure to respond may result in permanent suspension. Reference ID: PH-0421.",phishing,1
safe-0202,events@community.example,Monthly Subscription Receipt,"Hello, This is a reminder about the scheduled team meeting. You can review the information from your normal account dashboard. Regards, Account Services. Message reference: SAFE-0202.","Monthly Subscription Receipt Hello, This is a reminder about the scheduled team meeting. You can review the information from your normal account dashboard. Regards, Account Services. Message reference: SAFE-0202.",safe,0
phishing-0161,admin@secure-login-update.com,Package Delivery Failed,"Dear Customer, Your package cannot be delivered until your address is confirmed. Unlock your account using the secure link: http://reward-claim.example/winner. Act immediately to avoid interruption of service. Reference ID: PH-0161.","Package Delivery Failed Dear Customer, Your package cannot be delivered until your address is confirmed. Unlock your account using the secure link: http://reward-claim.example/winner. Act immediately to avoid interruption of service. Reference ID: PH-0161.",phishing,1
safe-0369,orders@shop.example,Weekly Project Update,"Hello, Here is the latest update from our team. Please contact your manager if you have any questions. Thanks, The Community Team. Message reference: SAFE-0369.","Weekly Project Update Hello, Here is the latest update from our team. Please contact your manager if you have any questions. Thanks, The Community Team. Message reference: SAFE-0369.",safe,0
safe-0485,updates@software.example,Employee Training Schedule,"Hello, A new software update is available with performance improvements. You may ignore this message if you have already completed the task. Thanks, The Community Team. Message reference: SAFE-0485.","Employee Training Schedule Hello, A new software update is available with performance improvements. You may ignore this message if you have already completed the task. Thanks, The Community Team. Message reference: SAFE-0485.",safe,0
phishing-0377,rewards@claim-prize-now.net,URGENT: Verify Your Account Immediately,"Dear Customer, Your account has temporarily been suspended. Submit your banking information to receive the refund: http://refund-processing.example/verify. This is your final security warning. Reference ID: PH-0377.","URGENT: Verify Your Account Immediately Dear Customer, Your account has temporarily been suspended. Submit your banking information to receive the refund: http://refund-processing.example/verify. This is your final security warning. Reference ID: PH-0377.",phishing,1
phishing-0312,service@urgent-account-check.com,Your Account Has Been Suspended,"Dear Customer, Your package cannot be delivered until your address is confirmed. Unlock your account using the secure link: http://account-security-check.example/login. Act immediately to avoid interruption of service. Reference ID: PH-0312.","Your Account Has Been Suspended Dear Customer, Your package cannot be delivered until your address is confirmed. Unlock your account using the secure link: http://account-security-check.example/login. Act immediately to avoid interruption of service. Reference ID: PH-0312.",phishing,1
phishing-0022,delivery@parcel-update-alert.com,Package Delivery Failed,"Dear Customer, Your account has temporarily been suspended. Verify your password and OTP immediately: http://192.168.1.10/login/verify-account. Failure to respond may result in permanent suspension. Reference ID: PH-0022.","Package Delivery Failed Dear Customer, Your account has temporarily been suspended. Verify your password and OTP immediately: http://192.168.1.10/login/verify-account. Failure to respond may result in permanent suspension. Reference ID: PH-0022.",phishing,1
phishing-0208,rewards@claim-prize-now.net,Immediate Action Required,"Dear Customer, Your recent payment could not be processed. Submit your banking information to receive the refund: http://reward-claim.example/winner. This request will expire within 24 hours. Reference ID: PH-0208.","Immediate Action Required Dear Customer, Your recent payment could not be processed. Submit your banking information to receive the refund: http://reward-claim.example/winner. This request will expire within 24 hours. Reference ID: PH-0208.",phishing,1
safe-0219,events@community.example,Your Order Has Been Shipped,"Hello, A new software update is available with performance improvements. No action is required at this time. Thanks, The Community Team. Message reference: SAFE-0219.","Your Order Has Been Shipped Hello, A new software update is available with performance improvements. No action is required at this time. Thanks, The Community Team. Message reference: SAFE-0219.",safe,0
phishing-0127,service@urgent-account-check.com,Your Mailbox Storage Is Full,"Dear Customer, Your mailbox will be disabled because it has exceeded its storage limit. Unlock your account using the secure link: http://mailbox-validation.example/signin. Act immediately to avoid interruption of service. Reference ID: PH-0127.","Your Mailbox Storage Is Full Dear Customer, Your mailbox will be disabled because it has exceeded its storage limit. Unlock your account using the secure link: http://mailbox-validation.example/signin. Act immediately to avoid interruption of service. Reference ID: PH-0127.",phishing,1
safe-0478,notifications@calendar.example,Employee Training Schedule,"Hello, This message contains the agenda for our upcoming meeting. No action is required at this time. Thank you, Human Resources. Message reference: SAFE-0478.","Employee Training Schedule Hello, This message contains the agenda for our upcoming meeting. No action is required at this time. Thank you, Human Resources. Message reference: SAFE-0478.",safe,0
phishing-0167,support@account-verification.net,Claim Your Reward Before It Expires,"Dear Customer, You have been selected to receive a limited reward. Confirm your delivery address: http://secure-update.example/confirm-password. This is your final security warning. Reference ID: PH-0167.","Claim Your Reward Before It Expires Dear Customer, You have been selected to receive a limited reward. Confirm your delivery address: http://secure-update.example/confirm-password. This is your final security warning. Reference ID: PH-0167.",phishing,1
phishing-0414,billing@payment-review-alert.com,Package Delivery Failed,"Dear Customer, Your mailbox will be disabled because it has exceeded its storage limit. Confirm your delivery address: http://reward-claim.example/winner. Ignoring this message may result in account closure. Reference ID: PH-0414.","Package Delivery Failed Dear Customer, Your mailbox will be disabled because it has exceeded its storage limit. Confirm your delivery address: http://reward-claim.example/winner. Ignoring this message may result in account closure. Reference ID: PH-0414.",phishing,1
safe-0477,updates@software.example,Welcome to Our Newsletter,"Hello, This is a reminder about the scheduled team meeting. Please contact your manager if you have any questions. Thanks, The Community Team. Message reference: SAFE-0477.","Welcome to Our Newsletter Hello, This is a reminder about the scheduled team meeting. Please contact your manager if you have any questions. Thanks, The Community Team. Message reference: SAFE-0477.",safe,0
safe-0420,notifications@calendar.example,Employee Training Schedule,"Hello, A new software update is available with performance improvements. Please contact your manager if you have any questions. Thanks, The Community Team. Message reference: SAFE-0420.","Employee Training Schedule Hello, A new software update is available with performance improvements. Please contact your manager if you have any questions. Thanks, The Community Team. Message reference: SAFE-0420.",safe,0
safe-0225,updates@software.example,Your Monthly Account Statement,"Hello, This message contains the agenda for our upcoming meeting. You can review the information from your normal account dashboard. Thanks, The Community Team. Message reference: SAFE-0225.","Your Monthly Account Statement Hello, This message contains the agenda for our upcoming meeting. You can review the information from your normal account dashboard. Thanks, The Community Team. Message reference: SAFE-0225.",safe,0
safe-0091,hr@company.example,Welcome to Our Newsletter,"Hello, The project team completed this week's planned activities. The attached summary contains the latest approved information. Regards, Account Services. Message reference: SAFE-0091.","Welcome to Our Newsletter Hello, The project team completed this week's planned activities. The attached summary contains the latest approved information. Regards, Account Services. Message reference: SAFE-0091.",safe,0
safe-0034,updates@software.example,Community Event Invitation,"Hello, Your monthly statement is now available for review. The attached summary contains the latest approved information. Thank you, Human Resources. Message reference: SAFE-0034.","Community Event Invitation Hello, Your monthly statement is now available for review. The attached summary contains the latest approved information. Thank you, Human Resources. Message reference: SAFE-0034.",safe,0
safe-0105,team@project.example,Reminder: Upcoming Team Meeting,"Hello, This is a reminder about the scheduled team meeting. The attached summary contains the latest approved information. Best regards, Project Management. Message reference: SAFE-0105.","Reminder: Upcoming Team Meeting Hello, This is a reminder about the scheduled team meeting. The attached summary contains the latest approved information. Best regards, Project Management. Message reference: SAFE-0105.",safe,0
safe-0388,events@community.example,Reminder: Upcoming Team Meeting,"Hello, Your monthly statement is now available for review. No action is required at this time. Thank you, Human Resources. Message reference: SAFE-0388.","Reminder: Upcoming Team Meeting Hello, Your monthly statement is now available for review. No action is required at this time. Thank you, Human Resources. Message reference: SAFE-0388.",safe,0
phishing-0490,service@urgent-account-check.com,Claim Your Reward Before It Expires,"Dear Customer, An unauthorized login attempt was detected. Submit your banking information to receive the refund: http://account-security-check.example/login. This is your final security warning. Reference ID: PH-0490.","Claim Your Reward Before It Expires Dear Customer, An unauthorized login attempt was detected. Submit your banking information to receive the refund: http://account-security-check.example/login. This is your final security warning. Reference ID: PH-0490.",phishing,1
safe-0344,newsletter@company.example,Employee Training Schedule,"Hello, This is a reminder about the scheduled team meeting. We appreciate your continued participation. Best regards, Project Management. Message reference: SAFE-0344.","Employee Training Schedule Hello, This is a reminder about the scheduled team meeting. We appreciate your continued participation. Best regards, Project Management. Message reference: SAFE-0344.",safe,0
phishing-0381,security@cloud-storage-warning.net,Final Warning: Account Will Be Closed,"Dear Customer, Your identity information requires immediate verification. Confirm your delivery address: http://secure-update.example/confirm-password. This request will expire within 24 hours. Reference ID: PH-0381.","Final Warning: Account Will Be Closed Dear Customer, Your identity information requires immediate verification. Confirm your delivery address: http://secure-update.example/confirm-password. This request will expire within 24 hours. Reference ID: PH-0381.",phishing,1
safe-0114,notifications@calendar.example,Thank You for Your Feedback,"Hello, Thank you for subscribing to our newsletter. The meeting will take place during normal business hours. Sincerely, Customer Support. Message reference: SAFE-0114.","Thank You for Your Feedback Hello, Thank you for subscribing to our newsletter. The meeting will take place during normal business hours. Sincerely, Customer Support. Message reference: SAFE-0114.",safe,0
phishing-0212,helpdesk@password-confirmation.net,URGENT: Verify Your Account Immediately,"Dear Customer, An unauthorized login attempt was detected. Unlock your account using the secure link: http://refund-processing.example/verify. Failure to respond may result in permanent suspension. Reference ID: PH-0212.","URGENT: Verify Your Account Immediately Dear Customer, An unauthorized login attempt was detected. Unlock your account using the secure link: http://refund-processing.example/verify. Failure to respond may result in permanent suspension. Reference ID: PH-0212.",phishing,1
phishing-0139,service@urgent-account-check.com,URGENT: Verify Your Account Immediately,"Dear Customer, Your package cannot be delivered until your address is confirmed. Validate your identity within 24 hours: http://secure-update.example/confirm-password. This request will expire within 24 hours. Reference ID: PH-0139.","URGENT: Verify Your Account Immediately Dear Customer, Your package cannot be delivered until your address is confirmed. Validate your identity within 24 hours: http://secure-update.example/confirm-password. This request will expire within 24 hours. Reference ID: PH-0139.",phishing,1
safe-0008,billing@subscription.example,Meeting Agenda for Tomorrow,"Hello, Thank you for subscribing to our newsletter. You may ignore this message if you have already completed the task. Thank you, Human Resources. Message reference: SAFE-0008.","Meeting Agenda for Tomorrow Hello, Thank you for subscribing to our newsletter. You may ignore this message if you have already completed the task. Thank you, Human Resources. Message reference: SAFE-0008.",safe,0
phishing-0392,service@urgent-account-check.com,Claim Your Reward Before It Expires,"Dear Customer, Your recent payment could not be processed. Sign in to prevent permanent account closure: http://192.168.1.10/login/verify-account. Act immediately to avoid interruption of service. Reference ID: PH-0392.","Claim Your Reward Before It Expires Dear Customer, Your recent payment could not be processed. Sign in to prevent permanent account closure: http://192.168.1.10/login/verify-account. Act immediately to avoid interruption of service. Reference ID: PH-0392.",phishing,1
phishing-0210,security@unknown-bank-alert.com,Immediate Action Required,"Dear Customer, We detected suspicious activity on your account. Unlock your account using the secure link: http://refund-processing.example/verify. This request will expire within 24 hours. Reference ID: PH-0210.","Immediate Action Required Dear Customer, We detected suspicious activity on your account. Unlock your account using the secure link: http://refund-processing.example/verify. This request will expire within 24 hours. Reference ID: PH-0210.",phishing,1
safe-0017,newsletter@company.example,Community Event Invitation,"Hello, Thank you for subscribing to our newsletter. The attached summary contains the latest approved information. Regards, The Support Team. Message reference: SAFE-0017.","Community Event Invitation Hello, Thank you for subscribing to our newsletter. The attached summary contains the latest approved information. Regards, The Support Team. Message reference: SAFE-0017.",safe,0
safe-0116,hr@company.example,Meeting Agenda for Tomorrow,"Hello, A new software update is available with performance improvements. You can review the information from your normal account dashboard. Regards, Account Services. Message reference: SAFE-0116.","Meeting Agenda for Tomorrow Hello, A new software update is available with performance improvements. You can review the information from your normal account dashboard. Regards, Account Services. Message reference: SAFE-0116.",safe,0
safe-0099,hr@company.example,Team Performance Summary,"Hello, Your order has been processed and shipped. The meeting will take place during normal business hours. Thank you, Human Resources. Message reference: SAFE-0099.","Team Performance Summary Hello, Your order has been processed and shipped. The meeting will take place during normal business hours. Thank you, Human Resources. Message reference: SAFE-0099.",safe,0
safe-0084,billing@subscription.example,Software Update Release Notes,"Hello, This is a reminder about the scheduled team meeting. Your existing password and account settings remain unchanged. Thank you, Human Resources. Message reference: SAFE-0084.","Software Update Release Notes Hello, This is a reminder about the scheduled team meeting. Your existing password and account settings remain unchanged. Thank you, Human Resources. Message reference: SAFE-0084.",safe,0
phishing-0458,security@cloud-storage-warning.net,Your Payment Was Declined,"Dear Customer, Your identity information requires immediate verification. Confirm your delivery address: http://refund-processing.example/verify. This is your final security warning. Reference ID: PH-0458.","Your Payment Was Declined Dear Customer, Your identity information requires immediate verification. Confirm your delivery address: http://refund-processing.example/verify. This is your final security warning. Reference ID: PH-0458.",phishing,1
safe-0243,billing@subscription.example,Welcome to Our Newsletter,"Hello, The project team completed this week's planned activities. Please contact your manager if you have any questions. Regards, Account Services. Message reference: SAFE-0243.","Welcome to Our Newsletter Hello, The project team completed this week's planned activities. Please contact your manager if you have any questions. Regards, Account Services. Message reference: SAFE-0243.",safe,0
safe-0252,hr@company.example,Community Event Invitation,"Hello, This message contains the agenda for our upcoming meeting. Please contact your manager if you have any questions. Best regards, Project Management. Message reference: SAFE-0252.","Community Event Invitation Hello, This message contains the agenda for our upcoming meeting. Please contact your manager if you have any questions. Best regards, Project Management. Message reference: SAFE-0252.",safe,0
safe-0483,notifications@calendar.example,Software Update Release Notes,"Hello, This message contains the agenda for our upcoming meeting. You may ignore this message if you have already completed the task. Regards, Account Services. Message reference: SAFE-0483.","Software Update Release Notes Hello, This message contains the agenda for our upcoming meeting. You may ignore this message if you have already completed the task. Regards, Account Services. Message reference: SAFE-0483.",safe,0
safe-0433,team@project.example,Monthly Subscription Receipt,"Hello, Here is the latest update from our team. You can review the information from your normal account dashboard. Regards, The Support Team. Message reference: SAFE-0433.","Monthly Subscription Receipt Hello, Here is the latest update from our team. You can review the information from your normal account dashboard. Regards, The Support Team. Message reference: SAFE-0433.",safe,0
phishing-0192,rewards@claim-prize-now.net,Confirm Your Banking Information,"Dear Customer, You have been selected to receive a limited reward. Confirm your account information now: http://secure-update.example/confirm-password. Failure to respond may result in permanent suspension. Reference ID: PH-0192.","Confirm Your Banking Information Dear Customer, You have been selected to receive a limited reward. Confirm your account information now: http://secure-update.example/confirm-password. Failure to respond may result in permanent suspension. Reference ID: PH-0192.",phishing,1
safe-0333,billing@subscription.example,Team Performance Summary,"Hello, This is a reminder about the scheduled team meeting. You can review the information from your normal account dashboard. Thank you, Human Resources. Message reference: SAFE-0333.","Team Performance Summary Hello, This is a reminder about the scheduled team meeting. You can review the information from your normal account dashboard. Thank you, Human Resources. Message reference: SAFE-0333.",safe,0
phishing-0477,security@cloud-storage-warning.net,Confirm Your Banking Information,"Dear Customer, Your recent payment could not be processed. Confirm your delivery address: http://account-security-check.example/login. This is your final security warning. Reference ID: PH-0477.","Confirm Your Banking Information Dear Customer, Your recent payment could not be processed. Confirm your delivery address: http://account-security-check.example/login. This is your final security warning. Reference ID: PH-0477.",phishing,1
phishing-0241,service@urgent-account-check.com,Security Alert: Password Confirmation Required,"Dear Customer, Your mailbox will be disabled because it has exceeded its storage limit. Confirm your delivery address: http://delivery-confirmation.example/update. Ignoring this message may result in account closure. Reference ID: PH-0241.","Security Alert: Password Confirmation Required Dear Customer, Your mailbox will be disabled because it has exceeded its storage limit. Confirm your delivery address: http://delivery-confirmation.example/update. Ignoring this message may result in account closure. Reference ID: PH-0241.",phishing,1
safe-0449,manager@company.example,Thank You for Your Feedback,"Hello, Your order has been processed and shipped. We appreciate your continued participation. Best regards, Project Management. Message reference: SAFE-0449.","Thank You for Your Feedback Hello, Your order has been processed and shipped. We appreciate your continued participation. Best regards, Project Management. Message reference: SAFE-0449.",safe,0
phishing-0258,billing@payment-review-alert.com,Your Payment Was Declined,"Dear Customer, You have been selected to receive a limited reward. Unlock your account using the secure link: http://refund-processing.example/verify. Ignoring this message may result in account closure. Reference ID: PH-0258.","Your Payment Was Declined Dear Customer, You have been selected to receive a limited reward. Unlock your account using the secure link: http://refund-processing.example/verify. Ignoring this message may result in account closure. Reference ID: PH-0258.",phishing,1
safe-0069,orders@shop.example,Team Performance Summary,"Hello, This is a reminder about the scheduled team meeting. Your existing password and account settings remain unchanged. Sincerely, Customer Support. Message reference: SAFE-0069.","Team Performance Summary Hello, This is a reminder about the scheduled team meeting. Your existing password and account settings remain unchanged. Sincerely, Customer Support. Message reference: SAFE-0069.",safe,0
phishing-0245,notice@tax-refund-review.com,Your Mailbox Storage Is Full,"Dear Customer, Your account has temporarily been suspended. Confirm your account information now: http://payment-review.example/billing. Act immediately to avoid interruption of service. Reference ID: PH-0245.","Your Mailbox Storage Is Full Dear Customer, Your account has temporarily been suspended. Confirm your account information now: http://payment-review.example/billing. Act immediately to avoid interruption of service. Reference ID: PH-0245.",phishing,1
phishing-0400,service@urgent-account-check.com,URGENT: Verify Your Account Immediately,"Dear Customer, An unauthorized login attempt was detected. Confirm your account information now: http://192.168.1.10/login/verify-account. Failure to respond may result in permanent suspension. Reference ID: PH-0400.","URGENT: Verify Your Account Immediately Dear Customer, An unauthorized login attempt was detected. Confirm your account information now: http://192.168.1.10/login/verify-account. Failure to respond may result in permanent suspension. Reference ID: PH-0400.",phishing,1
phishing-0353,service@urgent-account-check.com,URGENT: Verify Your Account Immediately,"Dear Customer, Your package cannot be delivered until your address is confirmed. Sign in to prevent permanent account closure: http://192.168.1.10/login/verify-account. Failure to respond may result in permanent suspension. Reference ID: PH-0353.","URGENT: Verify Your Account Immediately Dear Customer, Your package cannot be delivered until your address is confirmed. Sign in to prevent permanent account closure: http://192.168.1.10/login/verify-account. Failure to respond may result in permanent suspension. Reference ID: PH-0353.",phishing,1
safe-0041,billing@subscription.example,Monthly Subscription Receipt,"Hello, Your monthly statement is now available for review. The attached summary contains the latest approved information. Sincerely, Customer Support. Message reference: SAFE-0041.","Monthly Subscription Receipt Hello, Your monthly statement is now available for review. The attached summary contains the latest approved information. Sincerely, Customer Support. Message reference: SAFE-0041.",safe,0
safe-0184,orders@shop.example,Thank You for Your Feedback,"Hello, This message contains the agenda for our upcoming meeting. The attached summary contains the latest approved information. Regards, The Support Team. Message reference: SAFE-0184.","Thank You for Your Feedback Hello, This message contains the agenda for our upcoming meeting. The attached summary contains the latest approved information. Regards, The Support Team. Message reference: SAFE-0184.",safe,0
phishing-0422,rewards@claim-prize-now.net,Package Delivery Failed,"Dear Customer, Your mailbox will be disabled because it has exceeded its storage limit. Confirm your delivery address: http://192.168.1.10/login/verify-account. This is your final security warning. Reference ID: PH-0422.","Package Delivery Failed Dear Customer, Your mailbox will be disabled because it has exceeded its storage limit. Confirm your delivery address: http://192.168.1.10/login/verify-account. This is your final security warning. Reference ID: PH-0422.",phishing,1
safe-0352,updates@software.example,Weekly Project Update,"Hello, Here is the latest update from our team. The attached summary contains the latest approved information. Regards, Account Services. Message reference: SAFE-0352.","Weekly Project Update Hello, Here is the latest update from our team. The attached summary contains the latest approved information. Regards, Account Services. Message reference: SAFE-0352.",safe,0
safe-0462,notifications@calendar.example,Team Performance Summary,"Hello, A new software update is available with performance improvements. The attached summary contains the latest approved information. Regards, The Support Team. Message reference: SAFE-0462.","Team Performance Summary Hello, A new software update is available with performance improvements. The attached summary contains the latest approved information. Regards, The Support Team. Message reference: SAFE-0462.",safe,0
safe-0119,orders@shop.example,Community Event Invitation,"Hello, Here is the latest update from our team. We appreciate your continued participation. Regards, The Support Team. Message reference: SAFE-0119.","Community Event Invitation Hello, Here is the latest update from our team. We appreciate your continued participation. Regards, The Support Team. Message reference: SAFE-0119.",safe,0
phishing-0306,delivery@parcel-update-alert.com,Confirm Your Banking Information,"Dear Customer, Your package cannot be delivered until your address is confirmed. Unlock your account using the secure link: http://delivery-confirmation.example/update. This request will expire within 24 hours. Reference ID: PH-0306.","Confirm Your Banking Information Dear Customer, Your package cannot be delivered until your address is confirmed. Unlock your account using the secure link: http://delivery-confirmation.example/update. This request will expire within 24 hours. Reference ID: PH-0306.",phishing,1
phishing-0486,billing@payment-review-alert.com,Your Mailbox Storage Is Full,"Dear Customer, Your recent payment could not be processed. Unlock your account using the secure link: http://delivery-confirmation.example/update. Act immediately to avoid interruption of service. Reference ID: PH-0486.","Your Mailbox Storage Is Full Dear Customer, Your recent payment could not be processed. Unlock your account using the secure link: http://delivery-confirmation.example/update. Act immediately to avoid interruption of service. Reference ID: PH-0486.",phishing,1
phishing-0455,support@account-verification.net,Claim Your Reward Before It Expires,"Dear Customer, We detected suspicious activity on your account. Verify your password and OTP immediately: http://mailbox-validation.example/signin. This is your final security warning. Reference ID: PH-0455.","Claim Your Reward Before It Expires Dear Customer, We detected suspicious activity on your account. Verify your password and OTP immediately: http://mailbox-validation.example/signin. This is your final security warning. Reference ID: PH-0455.",phishing,1
phishing-0291,notice@tax-refund-review.com,Immediate Action Required,"Dear Customer, An unauthorized login attempt was detected. Verify your password and OTP immediately: http://mailbox-validation.example/signin. Failure to respond may result in permanent suspension. Reference ID: PH-0291.","Immediate Action Required Dear Customer, An unauthorized login attempt was detected. Verify your password and OTP immediately: http://mailbox-validation.example/signin. Failure to respond may result in permanent suspension. Reference ID: PH-0291.",phishing,1
phishing-0311,service@urgent-account-check.com,Final Warning: Account Will Be Closed,"Dear Customer, An unauthorized login attempt was detected. Confirm your delivery address: http://192.168.1.10/login/verify-account. Failure to respond may result in permanent suspension. Reference ID: PH-0311.","Final Warning: Account Will Be Closed Dear Customer, An unauthorized login attempt was detected. Confirm your delivery address: http://192.168.1.10/login/verify-account. Failure to respond may result in permanent suspension. Reference ID: PH-0311.",phishing,1
safe-0137,support@trusted-service.example,Your Order Has Been Shipped,"Hello, The project team completed this week's planned activities. The meeting will take place during normal business hours. Thank you, Human Resources. Message reference: SAFE-0137.","Your Order Has Been Shipped Hello, The project team completed this week's planned activities. The meeting will take place during normal business hours. Thank you, Human Resources. Message reference: SAFE-0137.",safe,0
safe-0316,billing@subscription.example,Welcome to Our Newsletter,"Hello, Thank you for subscribing to our newsletter. You can review the information from your normal account dashboard. Best regards, Project Management. Message reference: SAFE-0316.","Welcome to Our Newsletter Hello, Thank you for subscribing to our newsletter. You can review the information from your normal account dashboard. Best regards, Project Management. Message reference: SAFE-0316.",safe,0
phishing-0314,helpdesk@password-confirmation.net,Final Warning: Account Will Be Closed,"Dear Customer, Your identity information requires immediate verification. Update your payment information: http://secure-update.example/confirm-password. Failure to respond may result in permanent suspension. Reference ID: PH-0314.","Final Warning: Account Will Be Closed Dear Customer, Your identity information requires immediate verification. Update your payment information: http://secure-update.example/confirm-password. Failure to respond may result in permanent suspension. Reference ID: PH-0314.",phishing,1
phishing-0391,billing@payment-review-alert.com,Tax Refund Confirmation Required,"Dear Customer, Your package cannot be delivered until your address is confirmed. Confirm your delivery address: http://reward-claim.example/winner. Act immediately to avoid interruption of service. Reference ID: PH-0391.","Tax Refund Confirmation Required Dear Customer, Your package cannot be delivered until your address is confirmed. Confirm your delivery address: http://reward-claim.example/winner. Act immediately to avoid interruption of service. Reference ID: PH-0391.",phishing,1
phishing-0014,notice@tax-refund-review.com,Package Delivery Failed,"Dear Customer, We detected suspicious activity on your account. Confirm your delivery address: http://refund-processing.example/verify. Failure to respond may result in permanent suspension. Reference ID: PH-0014.","Package Delivery Failed Dear Customer, We detected suspicious activity on your account. Confirm your delivery address: http://refund-processing.example/verify. Failure to respond may result in permanent suspension. Reference ID: PH-0014.",phishing,1
safe-0095,support@trusted-service.example,Meeting Agenda for Tomorrow,"Hello, This is a reminder about the scheduled team meeting. You may ignore this message if you have already completed the task. Thanks, The Community Team. Message reference: SAFE-0095.","Meeting Agenda for Tomorrow Hello, This is a reminder about the scheduled team meeting. You may ignore this message if you have already completed the task. Thanks, The Community Team. Message reference: SAFE-0095.",safe,0
safe-0454,team@project.example,Your Monthly Account Statement,"Hello, A new software update is available with performance improvements. You can review the information from your normal account dashboard. Regards, The Support Team. Message reference: SAFE-0454.","Your Monthly Account Statement Hello, A new software update is available with performance improvements. You can review the information from your normal account dashboard. Regards, The Support Team. Message reference: SAFE-0454.",safe,0
safe-0055,manager@company.example,Weekly Project Update,"Hello, Here is the latest update from our team. You may ignore this message if you have already completed the task. Thank you, Human Resources. Message reference: SAFE-0055.","Weekly Project Update Hello, Here is the latest update from our team. You may ignore this message if you have already completed the task. Thank you, Human Resources. Message reference: SAFE-0055.",safe,0
phishing-0097,rewards@claim-prize-now.net,Your Mailbox Storage Is Full,"Dear Customer, Your package cannot be delivered until your address is confirmed. Validate your identity within 24 hours: http://delivery-confirmation.example/update. Failure to respond may result in permanent suspension. Reference ID: PH-0097.","Your Mailbox Storage Is Full Dear Customer, Your package cannot be delivered until your address is confirmed. Validate your identity within 24 hours: http://delivery-confirmation.example/update. Failure to respond may result in permanent suspension. Reference ID: PH-0097.",phishing,1
safe-0399,notifications@calendar.example,Team Performance Summary,"Hello, Your monthly statement is now available for review. We appreciate your continued participation. Regards, Account Services. Message reference: SAFE-0399.","Team Performance Summary Hello, Your monthly statement is now available for review. We appreciate your continued participation. Regards, Account Services. Message reference: SAFE-0399.",safe,0
phishing-0460,notice@tax-refund-review.com,URGENT: Verify Your Account Immediately,"Dear Customer, You have been selected to receive a limited reward. Submit your banking information to receive the refund: http://delivery-confirmation.example/update. Failure to respond may result in permanent suspension. Reference ID: PH-0460.","URGENT: Verify Your Account Immediately Dear Customer, You have been selected to receive a limited reward. Submit your banking information to receive the refund: http://delivery-confirmation.example/update. Failure to respond may result in permanent suspension. Reference ID: PH-0460.",phishing,1
phishing-0141,admin@secure-login-update.com,Final Warning: Account Will Be Closed,"Dear Customer, An unauthorized login attempt was detected. Submit your banking information to receive the refund: http://192.168.1.10/login/verify-account. Ignoring this message may result in account closure. Reference ID: PH-0141.","Final Warning: Account Will Be Closed Dear Customer, An unauthorized login attempt was detected. Submit your banking information to receive the refund: http://192.168.1.10/login/verify-account. Ignoring this message may result in account closure. Reference ID: PH-0141.",phishing,1
phishing-0379,security@cloud-storage-warning.net,Your Mailbox Storage Is Full,"Dear Customer, Your package cannot be delivered until your address is confirmed. Unlock your account using the secure link: http://mailbox-validation.example/signin. This is your final security warning. Reference ID: PH-0379.","Your Mailbox Storage Is Full Dear Customer, Your package cannot be delivered until your address is confirmed. Unlock your account using the secure link: http://mailbox-validation.example/signin. This is your final security warning. Reference ID: PH-0379.",phishing,1
phishing-0327,notice@tax-refund-review.com,Your Payment Was Declined,"Dear Customer, You have been selected to receive a limited reward. Sign in to prevent permanent account closure: http://refund-processing.example/verify. Act immediately to avoid interruption of service. Reference ID: PH-0327.","Your Payment Was Declined Dear Customer, You have been selected to receive a limited reward. Sign in to prevent permanent account closure: http://refund-processing.example/verify. Act immediately to avoid interruption of service. Reference ID: PH-0327.",phishing,1
safe-0421,manager@company.example,Employee Training Schedule,"Hello, Your monthly statement is now available for review. No action is required at this time. Regards, Account Services. Message reference: SAFE-0421.","Employee Training Schedule Hello, Your monthly statement is now available for review. No action is required at this time. Regards, Account Services. Message reference: SAFE-0421.",safe,0
safe-0382,notifications@calendar.example,Meeting Agenda for Tomorrow,"Hello, Here is the latest update from our team. The meeting will take place during normal business hours. Thank you, Human Resources. Message reference: SAFE-0382.","Meeting Agenda for Tomorrow Hello, Here is the latest update from our team. The meeting will take place during normal business hours. Thank you, Human Resources. Message reference: SAFE-0382.",safe,0
safe-0227,hr@company.example,Software Update Release Notes,"Hello, A new software update is available with performance improvements. The meeting will take place during normal business hours. Thanks, The Community Team. Message reference: SAFE-0227.","Software Update Release Notes Hello, A new software update is available with performance improvements. The meeting will take place during normal business hours. Thanks, The Community Team. Message reference: SAFE-0227.",safe,0
phishing-0156,admin@secure-login-update.com,Claim Your Reward Before It Expires,"Dear Customer, You have been selected to receive a limited reward. Confirm your delivery address: http://delivery-confirmation.example/update. Failure to respond may result in permanent suspension. Reference ID: PH-0156.","Claim Your Reward Before It Expires Dear Customer, You have been selected to receive a limited reward. Confirm your delivery address: http://delivery-confirmation.example/update. Failure to respond may result in permanent suspension. Reference ID: PH-0156.",phishing,1
safe-0211,support@trusted-service.example,Employee Training Schedule,"Hello, Thank you for subscribing to our newsletter. The meeting will take place during normal business hours. Best regards, Project Management. Message reference: SAFE-0211.","Employee Training Schedule Hello, Thank you for subscribing to our newsletter. The meeting will take place during normal business hours. Best regards, Project Management. Message reference: SAFE-0211.",safe,0
safe-0212,events@community.example,Employee Training Schedule,"Hello, A new software update is available with performance improvements. You may ignore this message if you have already completed the task. Regards, Account Services. Message reference: SAFE-0212.","Employee Training Schedule Hello, A new software update is available with performance improvements. You may ignore this message if you have already completed the task. Regards, Account Services. Message reference: SAFE-0212.",safe,0
phishing-0164,support@account-verification.net,Package Delivery Failed,"Dear Customer, Your identity information requires immediate verification. Validate your identity within 24 hours: http://secure-update.example/confirm-password. This request will expire within 24 hours. Reference ID: PH-0164.","Package Delivery Failed Dear Customer, Your identity information requires immediate verification. Validate your identity within 24 hours: http://secure-update.example/confirm-password. This request will expire within 24 hours. Reference ID: PH-0164.",phishing,1
safe-0392,updates@software.example,Meeting Agenda for Tomorrow,"Hello, A new software update is available with performance improvements. We appreciate your continued participation. Thanks, The Community Team. Message reference: SAFE-0392.","Meeting Agenda for Tomorrow Hello, A new software update is available with performance improvements. We appreciate your continued participation. Thanks, The Community Team. Message reference: SAFE-0392.",safe,0
phishing-0462,helpdesk@password-confirmation.net,Your Account Has Been Suspended,"Dear Customer, Your mailbox will be disabled because it has exceeded its storage limit. Sign in to prevent permanent account closure: http://delivery-confirmation.example/update. Act immediately to avoid interruption of service. Reference ID: PH-0462.","Your Account Has Been Suspended Dear Customer, Your mailbox will be disabled because it has exceeded its storage limit. Sign in to prevent permanent account closure: http://delivery-confirmation.example/update. Act immediately to avoid interruption of service. Reference ID: PH-0462.",phishing,1
phishing-0373,security@cloud-storage-warning.net,Your Mailbox Storage Is Full,"Dear Customer, Your identity information requires immediate verification. Sign in to prevent permanent account closure: http://refund-processing.example/verify. Act immediately to avoid interruption of service. Reference ID: PH-0373.","Your Mailbox Storage Is Full Dear Customer, Your identity information requires immediate verification. Sign in to prevent permanent account closure: http://refund-processing.example/verify. Act immediately to avoid interruption of service. Reference ID: PH-0373.",phishing,1
safe-0075,team@project.example,Employee Training Schedule,"Hello, Your monthly statement is now available for review. We appreciate your continued participation. Thank you, Human Resources. Message reference: SAFE-0075.","Employee Training Schedule Hello, Your monthly statement is now available for review. We appreciate your continued participation. Thank you, Human Resources. Message reference: SAFE-0075.",safe,0
safe-0430,newsletter@company.example,Thank You for Your Feedback,"Hello, A new software update is available with performance improvements. The meeting will take place during normal business hours. Thanks, The Community Team. Message reference: SAFE-0430.","Thank You for Your Feedback Hello, A new software update is available with performance improvements. The meeting will take place during normal business hours. Thanks, The Community Team. Message reference: SAFE-0430.",safe,0
safe-0436,manager@company.example,Welcome to Our Newsletter,"Hello, Your order has been processed and shipped. Your existing password and account settings remain unchanged. Regards, Account Services. Message reference: SAFE-0436.","Welcome to Our Newsletter Hello, Your order has been processed and shipped. Your existing password and account settings remain unchanged. Regards, Account Services. Message reference: SAFE-0436.",safe,0
phishing-0095,helpdesk@password-confirmation.net,Tax Refund Confirmation Required,"Dear Customer, We detected suspicious activity on your account. Submit your banking information to receive the refund: http://delivery-confirmation.example/update. This is your final security warning. Reference ID: PH-0095.","Tax Refund Confirmation Required Dear Customer, We detected suspicious activity on your account. Submit your banking information to receive the refund: http://delivery-confirmation.example/update. This is your final security warning. Reference ID: PH-0095.",phishing,1
safe-0061,orders@shop.example,Team Performance Summary,"Hello, Your order has been processed and shipped. The attached summary contains the latest approved information. Regards, The Support Team. Message reference: SAFE-0061.","Team Performance Summary Hello, Your order has been processed and shipped. The attached summary contains the latest approved information. Regards, The Support Team. Message reference: SAFE-0061.",safe,0
phishing-0369,billing@payment-review-alert.com,Claim Your Reward Before It Expires,"Dear Customer, Your package cannot be delivered until your address is confirmed. Unlock your account using the secure link: http://secure-update.example/confirm-password. This is your final security warning. Reference ID: PH-0369.","Claim Your Reward Before It Expires Dear Customer, Your package cannot be delivered until your address is confirmed. Unlock your account using the secure link: http://secure-update.example/confirm-password. This is your final security warning. Reference ID: PH-0369.",phishing,1
safe-0273,billing@subscription.example,Your Monthly Account Statement,"Hello, A new software update is available with performance improvements. Please contact your manager if you have any questions. Regards, Account Services. Message reference: SAFE-0273.","Your Monthly Account Statement Hello, A new software update is available with performance improvements. Please contact your manager if you have any questions. Regards, Account Services. Message reference: SAFE-0273.",safe,0
phishing-0286,admin@secure-login-update.com,Unusual Login Attempt Detected,"Dear Customer, Your account has temporarily been suspended. Confirm your account information now: http://payment-review.example/billing. This is your final security warning. Reference ID: PH-0286.","Unusual Login Attempt Detected Dear Customer, Your account has temporarily been suspended. Confirm your account information now: http://payment-review.example/billing. This is your final security warning. Reference ID: PH-0286.",phishing,1
safe-0035,team@project.example,Team Performance Summary,"Hello, Your monthly statement is now available for review. You can review the information from your normal account dashboard. Sincerely, Customer Support. Message reference: SAFE-0035.","Team Performance Summary Hello, Your monthly statement is now available for review. You can review the information from your normal account dashboard. Sincerely, Customer Support. Message reference: SAFE-0035.",safe,0
safe-0163,hr@company.example,Employee Training Schedule,"Hello, Your order has been processed and shipped. You may ignore this message if you have already completed the task. Regards, Account Services. Message reference: SAFE-0163.","Employee Training Schedule Hello, Your order has been processed and shipped. You may ignore this message if you have already completed the task. Regards, Account Services. Message reference: SAFE-0163.",safe,0
safe-0081,newsletter@company.example,Welcome to Our Newsletter,"Hello, Your order has been processed and shipped. Your existing password and account settings remain unchanged. Regards, Account Services. Message reference: SAFE-0081.","Welcome to Our Newsletter Hello, Your order has been processed and shipped. Your existing password and account settings remain unchanged. Regards, Account Services. Message reference: SAFE-0081.",safe,0
phishing-0290,service@urgent-account-check.com,Immediate Action Required,"Dear Customer, Your identity information requires immediate verification. Validate your identity within 24 hours: http://payment-review.example/billing. Ignoring this message may result in account closure. Reference ID: PH-0290.","Immediate Action Required Dear Customer, Your identity information requires immediate verification. Validate your identity within 24 hours: http://payment-review.example/billing. Ignoring this message may result in account closure. Reference ID: PH-0290.",phishing,1
safe-0336,newsletter@company.example,Welcome to Our Newsletter,"Hello, Here is the latest update from our team. Your existing password and account settings remain unchanged. Regards, The Support Team. Message reference: SAFE-0336.","Welcome to Our Newsletter Hello, Here is the latest update from our team. Your existing password and account settings remain unchanged. Regards, The Support Team. Message reference: SAFE-0336.",safe,0
phishing-0075,billing@payment-review-alert.com,Unusual Login Attempt Detected,"Dear Customer, Your recent payment could not be processed. Unlock your account using the secure link: http://account-security-check.example/login. This is your final security warning. Reference ID: PH-0075.","Unusual Login Attempt Detected Dear Customer, Your recent payment could not be processed. Unlock your account using the secure link: http://account-security-check.example/login. This is your final security warning. Reference ID: PH-0075.",phishing,1
phishing-0395,notice@tax-refund-review.com,Final Warning: Account Will Be Closed,"Dear Customer, Your mailbox will be disabled because it has exceeded its storage limit. Confirm your account information now: http://secure-update.example/confirm-password. Failure to respond may result in permanent suspension. Reference ID: PH-0395.","Final Warning: Account Will Be Closed Dear Customer, Your mailbox will be disabled because it has exceeded its storage limit. Confirm your account information now: http://secure-update.example/confirm-password. Failure to respond may result in permanent suspension. Reference ID: PH-0395.",phishing,1
phishing-0221,billing@payment-review-alert.com,Confirm Your Banking Information,"Dear Customer, Your recent payment could not be processed. Unlock your account using the secure link: http://payment-review.example/billing. Ignoring this message may result in account closure. Reference ID: PH-0221.","Confirm Your Banking Information Dear Customer, Your recent payment could not be processed. Unlock your account using the secure link: http://payment-review.example/billing. Ignoring this message may result in account closure. Reference ID: PH-0221.",phishing,1
phishing-0070,service@urgent-account-check.com,Security Alert: Password Confirmation Required,"Dear Customer, We detected suspicious activity on your account. Validate your identity within 24 hours: http://refund-processing.example/verify. Failure to respond may result in permanent suspension. Reference ID: PH-0070.","Security Alert: Password Confirmation Required Dear Customer, We detected suspicious activity on your account. Validate your identity within 24 hours: http://refund-processing.example/verify. Failure to respond may result in permanent suspension. Reference ID: PH-0070.",phishing,1
phishing-0269,admin@secure-login-update.com,Claim Your Reward Before It Expires,"Dear Customer, You have been selected to receive a limited reward. Verify your password and OTP immediately: http://mailbox-validation.example/signin. This request will expire within 24 hours. Reference ID: PH-0269.","Claim Your Reward Before It Expires Dear Customer, You have been selected to receive a limited reward. Verify your password and OTP immediately: http://mailbox-validation.example/signin. This request will expire within 24 hours. Reference ID: PH-0269.",phishing,1
phishing-0362,delivery@parcel-update-alert.com,Security Alert: Password Confirmation Required,"Dear Customer, Your account has temporarily been suspended. Confirm your account information now: http://account-security-check.example/login. Act immediately to avoid interruption of service. Reference ID: PH-0362.","Security Alert: Password Confirmation Required Dear Customer, Your account has temporarily been suspended. Confirm your account information now: http://account-security-check.example/login. Act immediately to avoid interruption of service. Reference ID: PH-0362.",phishing,1
safe-0353,team@project.example,Welcome to Our Newsletter,"Hello, Your order has been processed and shipped. We appreciate your continued participation. Thank you, Human Resources. Message reference: SAFE-0353.","Welcome to Our Newsletter Hello, Your order has been processed and shipped. We appreciate your continued participation. Thank you, Human Resources. Message reference: SAFE-0353.",safe,0
phishing-0159,rewards@claim-prize-now.net,Confirm Your Banking Information,"Dear Customer, An unauthorized login attempt was detected. Verify your password and OTP immediately: http://secure-update.example/confirm-password. This is your final security warning. Reference ID: PH-0159.","Confirm Your Banking Information Dear Customer, An unauthorized login attempt was detected. Verify your password and OTP immediately: http://secure-update.example/confirm-password. This is your final security warning. Reference ID: PH-0159.",phishing,1
phishing-0446,service@urgent-account-check.com,Confirm Your Banking Information,"Dear Customer, Your mailbox will be disabled because it has exceeded its storage limit. Validate your identity within 24 hours: http://refund-processing.example/verify. This request will expire within 24 hours. Reference ID: PH-0446.","Confirm Your Banking Information Dear Customer, Your mailbox will be disabled because it has exceeded its storage limit. Validate your identity within 24 hours: http://refund-processing.example/verify. This request will expire within 24 hours. Reference ID: PH-0446.",phishing,1
safe-0442,orders@shop.example,Your Monthly Account Statement,"Hello, Here is the latest update from our team. The meeting will take place during normal business hours. Sincerely, Customer Support. Message reference: SAFE-0442.","Your Monthly Account Statement Hello, Here is the latest update from our team. The meeting will take place during normal business hours. Sincerely, Customer Support. Message reference: SAFE-0442.",safe,0
safe-0104,manager@company.example,Your Order Has Been Shipped,"Hello, A new software update is available with performance improvements. Please contact your manager if you have any questions. Sincerely, Customer Support. Message reference: SAFE-0104.","Your Order Has Been Shipped Hello, A new software update is available with performance improvements. Please contact your manager if you have any questions. Sincerely, Customer Support. Message reference: SAFE-0104.",safe,0
safe-0410,support@trusted-service.example,Your Monthly Account Statement,"Hello, Your monthly statement is now available for review. Your existing password and account settings remain unchanged. Best regards, Project Management. Message reference: SAFE-0410.","Your Monthly Account Statement Hello, Your monthly statement is now available for review. Your existing password and account settings remain unchanged. Best regards, Project Management. Message reference: SAFE-0410.",safe,0
phishing-0470,security@unknown-bank-alert.com,Tax Refund Confirmation Required,"Dear Customer, Your recent payment could not be processed. Confirm your account information now: http://payment-review.example/billing. Ignoring this message may result in account closure. Reference ID: PH-0470.","Tax Refund Confirmation Required Dear Customer, Your recent payment could not be processed. Confirm your account information now: http://payment-review.example/billing. Ignoring this message may result in account closure. Reference ID: PH-0470.",phishing,1
phishing-0278,delivery@parcel-update-alert.com,Tax Refund Confirmation Required,"Dear Customer, Your account has temporarily been suspended. Verify your password and OTP immediately: http://reward-claim.example/winner. Act immediately to avoid interruption of service. Reference ID: PH-0278.","Tax Refund Confirmation Required Dear Customer, Your account has temporarily been suspended. Verify your password and OTP immediately: http://reward-claim.example/winner. Act immediately to avoid interruption of service. Reference ID: PH-0278.",phishing,1
phishing-0298,helpdesk@password-confirmation.net,Final Warning: Account Will Be Closed,"Dear Customer, We detected suspicious activity on your account. Sign in to prevent permanent account closure: http://reward-claim.example/winner. This request will expire within 24 hours. Reference ID: PH-0298.","Final Warning: Account Will Be Closed Dear Customer, We detected suspicious activity on your account. Sign in to prevent permanent account closure: http://reward-claim.example/winner. This request will expire within 24 hours. Reference ID: PH-0298.",phishing,1
safe-0071,hr@company.example,Monthly Subscription Receipt,"Hello, A new software update is available with performance improvements. The attached summary contains the latest approved information. Thanks, The Community Team. Message reference: SAFE-0071.","Monthly Subscription Receipt Hello, A new software update is available with performance improvements. The attached summary contains the latest approved information. Thanks, The Community Team. Message reference: SAFE-0071.",safe,0
phishing-0335,billing@payment-review-alert.com,Your Payment Was Declined,"Dear Customer, You have been selected to receive a limited reward. Confirm your delivery address: http://192.168.1.10/login/verify-account. This is your final security warning. Reference ID: PH-0335.","Your Payment Was Declined Dear Customer, You have been selected to receive a limited reward. Confirm your delivery address: http://192.168.1.10/login/verify-account. This is your final security warning. Reference ID: PH-0335.",phishing,1
safe-0106,billing@subscription.example,Welcome to Our Newsletter,"Hello, This message contains the agenda for our upcoming meeting. Your existing password and account settings remain unchanged. Regards, The Support Team. Message reference: SAFE-0106.","Welcome to Our Newsletter Hello, This message contains the agenda for our upcoming meeting. Your existing password and account settings remain unchanged. Regards, The Support Team. Message reference: SAFE-0106.",safe,0
phishing-0068,helpdesk@password-confirmation.net,Immediate Action Required,"Dear Customer, Your package cannot be delivered until your address is confirmed. Update your payment information: http://delivery-confirmation.example/update. Failure to respond may result in permanent suspension. Reference ID: PH-0068.","Immediate Action Required Dear Customer, Your package cannot be delivered until your address is confirmed. Update your payment information: http://delivery-confirmation.example/update. Failure to respond may result in permanent suspension. Reference ID: PH-0068.",phishing,1
safe-0278,support@trusted-service.example,Software Update Release Notes,"Hello, A new software update is available with performance improvements. You may ignore this message if you have already completed the task. Thanks, The Community Team. Message reference: SAFE-0278.","Software Update Release Notes Hello, A new software update is available with performance improvements. You may ignore this message if you have already completed the task. Thanks, The Community Team. Message reference: SAFE-0278.",safe,0
safe-0230,billing@subscription.example,Your Monthly Account Statement,"Hello, Thank you for subscribing to our newsletter. The meeting will take place during normal business hours. Regards, Account Services. Message reference: SAFE-0230.","Your Monthly Account Statement Hello, Thank you for subscribing to our newsletter. The meeting will take place during normal business hours. Regards, Account Services. Message reference: SAFE-0230.",safe,0
safe-0169,billing@subscription.example,Community Event Invitation,"Hello, This message contains the agenda for our upcoming meeting. Please contact your manager if you have any questions. Thanks, The Community Team. Message reference: SAFE-0169.","Community Event Invitation Hello, This message contains the agenda for our upcoming meeting. Please contact your manager if you have any questions. Thanks, The Community Team. Message reference: SAFE-0169.",safe,0
safe-0310,manager@company.example,Weekly Project Update,"Hello, Your order has been processed and shipped. The attached summary contains the latest approved information. Thank you, Human Resources. Message reference: SAFE-0310.","Weekly Project Update Hello, Your order has been processed and shipped. The attached summary contains the latest approved information. Thank you, Human Resources. Message reference: SAFE-0310.",safe,0
safe-0160,events@community.example,Your Order Has Been Shipped,"Hello, This is a reminder about the scheduled team meeting. You can review the information from your normal account dashboard. Thanks, The Community Team. Message reference: SAFE-0160.","Your Order Has Been Shipped Hello, This is a reminder about the scheduled team meeting. You can review the information from your normal account dashboard. Thanks, The Community Team. Message reference: SAFE-0160.",safe,0
phishing-0219,delivery@parcel-update-alert.com,Claim Your Reward Before It Expires,"Dear Customer, Your account has temporarily been suspended. Submit your banking information to receive the refund: http://reward-claim.example/winner. This request will expire within 24 hours. Reference ID: PH-0219.","Claim Your Reward Before It Expires Dear Customer, Your account has temporarily been suspended. Submit your banking information to receive the refund: http://reward-claim.example/winner. This request will expire within 24 hours. Reference ID: PH-0219.",phishing,1
phishing-0079,security@cloud-storage-warning.net,Your Payment Was Declined,"Dear Customer, You have been selected to receive a limited reward. Confirm your account information now: http://refund-processing.example/verify. Act immediately to avoid interruption of service. Reference ID: PH-0079.","Your Payment Was Declined Dear Customer, You have been selected to receive a limited reward. Confirm your account information now: http://refund-processing.example/verify. Act immediately to avoid interruption of service. Reference ID: PH-0079.",phishing,1
phishing-0294,support@account-verification.net,Your Mailbox Storage Is Full,"Dear Customer, Your account has temporarily been suspended. Update your payment information: http://mailbox-validation.example/signin. Failure to respond may result in permanent suspension. Reference ID: PH-0294.","Your Mailbox Storage Is Full Dear Customer, Your account has temporarily been suspended. Update your payment information: http://mailbox-validation.example/signin. Failure to respond may result in permanent suspension. Reference ID: PH-0294.",phishing,1
phishing-0124,helpdesk@password-confirmation.net,Tax Refund Confirmation Required,"Dear Customer, You have been selected to receive a limited reward. Validate your identity within 24 hours: http://192.168.1.10/login/verify-account. This request will expire within 24 hours. Reference ID: PH-0124.","Tax Refund Confirmation Required Dear Customer, You have been selected to receive a limited reward. Validate your identity within 24 hours: http://192.168.1.10/login/verify-account. This request will expire within 24 hours. Reference ID: PH-0124.",phishing,1
safe-0214,notifications@calendar.example,Your Monthly Account Statement,"Hello, A new software update is available with performance improvements. The attached summary contains the latest approved information. Best regards, Project Management. Message reference: SAFE-0214.","Your Monthly Account Statement Hello, A new software update is available with performance improvements. The attached summary contains the latest approved information. Best regards, Project Management. Message reference: SAFE-0214.",safe,0
phishing-0117,service@urgent-account-check.com,Security Alert: Password Confirmation Required,"Dear Customer, We detected suspicious activity on your account. Confirm your delivery address: http://account-security-check.example/login. Ignoring this message may result in account closure. Reference ID: PH-0117.","Security Alert: Password Confirmation Required Dear Customer, We detected suspicious activity on your account. Confirm your delivery address: http://account-security-check.example/login. Ignoring this message may result in account closure. Reference ID: PH-0117.",phishing,1
phishing-0352,security@cloud-storage-warning.net,Your Payment Was Declined,"Dear Customer, Your mailbox will be disabled because it has exceeded its storage limit. Unlock your account using the secure link: http://mailbox-validation.example/signin. Ignoring this message may result in account closure. Reference ID: PH-0352.","Your Payment Was Declined Dear Customer, Your mailbox will be disabled because it has exceeded its storage limit. Unlock your account using the secure link: http://mailbox-validation.example/signin. Ignoring this message may result in account closure. Reference ID: PH-0352.",phishing,1
phishing-0465,security@unknown-bank-alert.com,Immediate Action Required,"Dear Customer, Your account has temporarily been suspended. Update your payment information: http://192.168.1.10/login/verify-account. Ignoring this message may result in account closure. Reference ID: PH-0465.","Immediate Action Required Dear Customer, Your account has temporarily been suspended. Update your payment information: http://192.168.1.10/login/verify-account. Ignoring this message may result in account closure. Reference ID: PH-0465.",phishing,1
safe-0447,support@trusted-service.example,Reminder: Upcoming Team Meeting,"Hello, Here is the latest update from our team. Please contact your manager if you have any questions. Sincerely, Customer Support. Message reference: SAFE-0447.","Reminder: Upcoming Team Meeting Hello, Here is the latest update from our team. Please contact your manager if you have any questions. Sincerely, Customer Support. Message reference: SAFE-0447.",safe,0
safe-0314,orders@shop.example,Software Update Release Notes,"Hello, Here is the latest update from our team. Please contact your manager if you have any questions. Thanks, The Community Team. Message reference: SAFE-0314.","Software Update Release Notes Hello, Here is the latest update from our team. Please contact your manager if you have any questions. Thanks, The Community Team. Message reference: SAFE-0314.",safe,0
phishing-0348,security@cloud-storage-warning.net,Unusual Login Attempt Detected,"Dear Customer, You have been selected to receive a limited reward. Confirm your account information now: http://refund-processing.example/verify. Failure to respond may result in permanent suspension. Reference ID: PH-0348.","Unusual Login Attempt Detected Dear Customer, You have been selected to receive a limited reward. Confirm your account information now: http://refund-processing.example/verify. Failure to respond may result in permanent suspension. Reference ID: PH-0348.",phishing,1
safe-0267,manager@company.example,Team Performance Summary,"Hello, Your order has been processed and shipped. We appreciate your continued participation. Best regards, Project Management. Message reference: SAFE-0267.","Team Performance Summary Hello, Your order has been processed and shipped. We appreciate your continued participation. Best regards, Project Management. Message reference: SAFE-0267.",safe,0
safe-0196,billing@subscription.example,Community Event Invitation,"Hello, Thank you for subscribing to our newsletter. Please contact your manager if you have any questions. Thanks, The Community Team. Message reference: SAFE-0196.","Community Event Invitation Hello, Thank you for subscribing to our newsletter. Please contact your manager if you have any questions. Thanks, The Community Team. Message reference: SAFE-0196.",safe,0
safe-0374,hr@company.example,Employee Training Schedule,"Hello, Thank you for subscribing to our newsletter. No action is required at this time. Best regards, Project Management. Message reference: SAFE-0374.","Employee Training Schedule Hello, Thank you for subscribing to our newsletter. No action is required at this time. Best regards, Project Management. Message reference: SAFE-0374.",safe,0
safe-0045,team@project.example,Thank You for Your Feedback,"Hello, A new software update is available with performance improvements. Your existing password and account settings remain unchanged. Sincerely, Customer Support. Message reference: SAFE-0045.","Thank You for Your Feedback Hello, A new software update is available with performance improvements. Your existing password and account settings remain unchanged. Sincerely, Customer Support. Message reference: SAFE-0045.",safe,0
phishing-0071,security@unknown-bank-alert.com,Security Alert: Password Confirmation Required,"Dear Customer, An unauthorized login attempt was detected. Validate your identity within 24 hours: http://account-security-check.example/login. This request will expire within 24 hours. Reference ID: PH-0071.","Security Alert: Password Confirmation Required Dear Customer, An unauthorized login attempt was detected. Validate your identity within 24 hours: http://account-security-check.example/login. This request will expire within 24 hours. Reference ID: PH-0071.",phishing,1
phishing-0337,service@urgent-account-check.com,Final Warning: Account Will Be Closed,"Dear Customer, Your recent payment could not be processed. Validate your identity within 24 hours: http://reward-claim.example/winner. Ignoring this message may result in account closure. Reference ID: PH-0337.","Final Warning: Account Will Be Closed Dear Customer, Your recent payment could not be processed. Validate your identity within 24 hours: http://reward-claim.example/winner. Ignoring this message may result in account closure. Reference ID: PH-0337.",phishing,1
safe-0472,newsletter@company.example,Your Order Has Been Shipped,"Hello, Your monthly statement is now available for review. You can review the information from your normal account dashboard. Thank you, Human Resources. Message reference: SAFE-0472.","Your Order Has Been Shipped Hello, Your monthly statement is now available for review. You can review the information from your normal account dashboard. Thank you, Human Resources. Message reference: SAFE-0472.",safe,0
safe-0175,support@trusted-service.example,Reminder: Upcoming Team Meeting,"Hello, This is a reminder about the scheduled team meeting. Your existing password and account settings remain unchanged. Best regards, Project Management. Message reference: SAFE-0175.","Reminder: Upcoming Team Meeting Hello, This is a reminder about the scheduled team meeting. Your existing password and account settings remain unchanged. Best regards, Project Management. Message reference: SAFE-0175.",safe,0
safe-0078,manager@company.example,Monthly Subscription Receipt,"Hello, This is a reminder about the scheduled team meeting. We appreciate your continued participation. Thank you, Human Resources. Message reference: SAFE-0078.","Monthly Subscription Receipt Hello, This is a reminder about the scheduled team meeting. We appreciate your continued participation. Thank you, Human Resources. Message reference: SAFE-0078.",safe,0
phishing-0116,helpdesk@password-confirmation.net,Confirm Your Banking Information,"Dear Customer, An unauthorized login attempt was detected. Submit your banking information to receive the refund: http://account-security-check.example/login. Failure to respond may result in permanent suspension. Reference ID: PH-0116.","Confirm Your Banking Information Dear Customer, An unauthorized login attempt was detected. Submit your banking information to receive the refund: http://account-security-check.example/login. Failure to respond may result in permanent suspension. Reference ID: PH-0116.",phishing,1
phishing-0144,notice@tax-refund-review.com,Your Account Has Been Suspended,"Dear Customer, Your account has temporarily been suspended. Validate your identity within 24 hours: http://account-security-check.example/login. This request will expire within 24 hours. Reference ID: PH-0144.","Your Account Has Been Suspended Dear Customer, Your account has temporarily been suspended. Validate your identity within 24 hours: http://account-security-check.example/login. This request will expire within 24 hours. Reference ID: PH-0144.",phishing,1
phishing-0285,security@cloud-storage-warning.net,Tax Refund Confirmation Required,"Dear Customer, Your account has temporarily been suspended. Submit your banking information to receive the refund: http://refund-processing.example/verify. This is your final security warning. Reference ID: PH-0285.","Tax Refund Confirmation Required Dear Customer, Your account has temporarily been suspended. Submit your banking information to receive the refund: http://refund-processing.example/verify. This is your final security warning. Reference ID: PH-0285.",phishing,1
phishing-0016,admin@secure-login-update.com,Unusual Login Attempt Detected,"Dear Customer, Your mailbox will be disabled because it has exceeded its storage limit. Sign in to prevent permanent account closure: http://payment-review.example/billing. Act immediately to avoid interruption of service. Reference ID: PH-0016.","Unusual Login Attempt Detected Dear Customer, Your mailbox will be disabled because it has exceeded its storage limit. Sign in to prevent permanent account closure: http://payment-review.example/billing. Act immediately to avoid interruption of service. Reference ID: PH-0016.",phishing,1
phishing-0418,helpdesk@password-confirmation.net,Security Alert: Password Confirmation Required,"Dear Customer, Your mailbox will be disabled because it has exceeded its storage limit. Verify your password and OTP immediately: http://delivery-confirmation.example/update. Failure to respond may result in permanent suspension. Reference ID: PH-0418.","Security Alert: Password Confirmation Required Dear Customer, Your mailbox will be disabled because it has exceeded its storage limit. Verify your password and OTP immediately: http://delivery-confirmation.example/update. Failure to respond may result in permanent suspension. Reference ID: PH-0418.",phishing,1
safe-0456,support@trusted-service.example,Your Monthly Account Statement,"Hello, Your monthly statement is now available for review. No action is required at this time. Regards, The Support Team. Message reference: SAFE-0456.","Your Monthly Account Statement Hello, Your monthly statement is now available for review. No action is required at this time. Regards, The Support Team. Message reference: SAFE-0456.",safe,0
phishing-0199,service@urgent-account-check.com,Final Warning: Account Will Be Closed,"Dear Customer, Your recent payment could not be processed. Verify your password and OTP immediately: http://account-security-check.example/login. Ignoring this message may result in account closure. Reference ID: PH-0199.","Final Warning: Account Will Be Closed Dear Customer, Your recent payment could not be processed. Verify your password and OTP immediately: http://account-security-check.example/login. Ignoring this message may result in account closure. Reference ID: PH-0199.",phishing,1
safe-0450,hr@company.example,Your Order Has Been Shipped,"Hello, Thank you for subscribing to our newsletter. Please contact your manager if you have any questions. Best regards, Project Management. Message reference: SAFE-0450.","Your Order Has Been Shipped Hello, Thank you for subscribing to our newsletter. Please contact your manager if you have any questions. Best regards, Project Management. Message reference: SAFE-0450.",safe,0
safe-0132,newsletter@company.example,Your Order Has Been Shipped,"Hello, This message contains the agenda for our upcoming meeting. We appreciate your continued participation. Sincerely, Customer Support. Message reference: SAFE-0132.","Your Order Has Been Shipped Hello, This message contains the agenda for our upcoming meeting. We appreciate your continued participation. Sincerely, Customer Support. Message reference: SAFE-0132.",safe,0
safe-0468,notifications@calendar.example,Employee Training Schedule,"Hello, Thank you for subscribing to our newsletter. Your existing password and account settings remain unchanged. Sincerely, Customer Support. Message reference: SAFE-0468.","Employee Training Schedule Hello, Thank you for subscribing to our newsletter. Your existing password and account settings remain unchanged. Sincerely, Customer Support. Message reference: SAFE-0468.",safe,0
safe-0032,updates@software.example,Monthly Subscription Receipt,"Hello, Here is the latest update from our team. You can review the information from your normal account dashboard. Regards, The Support Team. Message reference: SAFE-0032.","Monthly Subscription Receipt Hello, Here is the latest update from our team. You can review the information from your normal account dashboard. Regards, The Support Team. Message reference: SAFE-0032.",safe,0
safe-0416,manager@company.example,Welcome to Our Newsletter,"Hello, Your monthly statement is now available for review. The meeting will take place during normal business hours. Regards, The Support Team. Message reference: SAFE-0416.","Welcome to Our Newsletter Hello, Your monthly statement is now available for review. The meeting will take place during normal business hours. Regards, The Support Team. Message reference: SAFE-0416.",safe,0
phishing-0142,helpdesk@password-confirmation.net,Final Warning: Account Will Be Closed,"Dear Customer, You have been selected to receive a limited reward. Sign in to prevent permanent account closure: http://payment-review.example/billing. Act immediately to avoid interruption of service. Reference ID: PH-0142.","Final Warning: Account Will Be Closed Dear Customer, You have been selected to receive a limited reward. Sign in to prevent permanent account closure: http://payment-review.example/billing. Act immediately to avoid interruption of service. Reference ID: PH-0142.",phishing,1
safe-0257,newsletter@company.example,Your Order Has Been Shipped,"Hello, Here is the latest update from our team. Your existing password and account settings remain unchanged. Thank you, Human Resources. Message reference: SAFE-0257.","Your Order Has Been Shipped Hello, Here is the latest update from our team. Your existing password and account settings remain unchanged. Thank you, Human Resources. Message reference: SAFE-0257.",safe,0
safe-0121,events@community.example,Your Monthly Account Statement,"Hello, Your order has been processed and shipped. We appreciate your continued participation. Regards, Account Services. Message reference: SAFE-0121.","Your Monthly Account Statement Hello, Your order has been processed and shipped. We appreciate your continued participation. Regards, Account Services. Message reference: SAFE-0121.",safe,0
safe-0155,updates@software.example,Software Update Release Notes,"Hello, This is a reminder about the scheduled team meeting. The meeting will take place during normal business hours. Best regards, Project Management. Message reference: SAFE-0155.","Software Update Release Notes Hello, This is a reminder about the scheduled team meeting. The meeting will take place during normal business hours. Best regards, Project Management. Message reference: SAFE-0155.",safe,0
phishing-0321,security@unknown-bank-alert.com,Your Account Has Been Suspended,"Dear Customer, Your package cannot be delivered until your address is confirmed. Sign in to prevent permanent account closure: http://payment-review.example/billing. Ignoring this message may result in account closure. Reference ID: PH-0321.","Your Account Has Been Suspended Dear Customer, Your package cannot be delivered until your address is confirmed. Sign in to prevent permanent account closure: http://payment-review.example/billing. Ignoring this message may result in account closure. Reference ID: PH-0321.",phishing,1
safe-0182,events@community.example,Your Order Has Been Shipped,"Hello, This message contains the agenda for our upcoming meeting. The meeting will take place during normal business hours. Thanks, The Community Team. Message reference: SAFE-0182.","Your Order Has Been Shipped Hello, This message contains the agenda for our upcoming meeting. The meeting will take place during normal business hours. Thanks, The Community Team. Message reference: SAFE-0182.",safe,0
phishing-0181,delivery@parcel-update-alert.com,Security Alert: Password Confirmation Required,"Dear Customer, An unauthorized login attempt was detected. Confirm your delivery address: http://reward-claim.example/winner. This request will expire within 24 hours. Reference ID: PH-0181.","Security Alert: Password Confirmation Required Dear Customer, An unauthorized login attempt was detected. Confirm your delivery address: http://reward-claim.example/winner. This request will expire within 24 hours. Reference ID: PH-0181.",phishing,1
phishing-0351,security@unknown-bank-alert.com,URGENT: Verify Your Account Immediately,"Dear Customer, You have been selected to receive a limited reward. Validate your identity within 24 hours: http://payment-review.example/billing. This request will expire within 24 hours. Reference ID: PH-0351.","URGENT: Verify Your Account Immediately Dear Customer, You have been selected to receive a limited reward. Validate your identity within 24 hours: http://payment-review.example/billing. This request will expire within 24 hours. Reference ID: PH-0351.",phishing,1
safe-0178,notifications@calendar.example,Team Performance Summary,"Hello, This message contains the agenda for our upcoming meeting. The meeting will take place during normal business hours. Thanks, The Community Team. Message reference: SAFE-0178.","Team Performance Summary Hello, This message contains the agenda for our upcoming meeting. The meeting will take place during normal business hours. Thanks, The Community Team. Message reference: SAFE-0178.",safe,0
phishing-0010,rewards@claim-prize-now.net,Confirm Your Banking Information,"Dear Customer, Your recent payment could not be processed. Update your payment information: http://refund-processing.example/verify. Failure to respond may result in permanent suspension. Reference ID: PH-0010.","Confirm Your Banking Information Dear Customer, Your recent payment could not be processed. Update your payment information: http://refund-processing.example/verify. Failure to respond may result in permanent suspension. Reference ID: PH-0010.",phishing,1
phishing-0081,service@urgent-account-check.com,Your Account Has Been Suspended,"Dear Customer, Your mailbox will be disabled because it has exceeded its storage limit. Verify your password and OTP immediately: http://refund-processing.example/verify. Ignoring this message may result in account closure. Reference ID: PH-0081.","Your Account Has Been Suspended Dear Customer, Your mailbox will be disabled because it has exceeded its storage limit. Verify your password and OTP immediately: http://refund-processing.example/verify. Ignoring this message may result in account closure. Reference ID: PH-0081.",phishing,1
phishing-0382,notice@tax-refund-review.com,Claim Your Reward Before It Expires,"Dear Customer, Your mailbox will be disabled because it has exceeded its storage limit. Validate your identity within 24 hours: http://mailbox-validation.example/signin. Failure to respond may result in permanent suspension. Reference ID: PH-0382.","Claim Your Reward Before It Expires Dear Customer, Your mailbox will be disabled because it has exceeded its storage limit. Validate your identity within 24 hours: http://mailbox-validation.example/signin. Failure to respond may result in permanent suspension. Reference ID: PH-0382.",phishing,1
phishing-0202,security@cloud-storage-warning.net,Your Account Has Been Suspended,"Dear Customer, We detected suspicious activity on your account. Sign in to prevent permanent account closure: http://secure-update.example/confirm-password. This request will expire within 24 hours. Reference ID: PH-0202.","Your Account Has Been Suspended Dear Customer, We detected suspicious activity on your account. Sign in to prevent permanent account closure: http://secure-update.example/confirm-password. This request will expire within 24 hours. Reference ID: PH-0202.",phishing,1
safe-0251,newsletter@company.example,Thank You for Your Feedback,"Hello, Thank you for subscribing to our newsletter. Your existing password and account settings remain unchanged. Thanks, The Community Team. Message reference: SAFE-0251.","Thank You for Your Feedback Hello, Thank you for subscribing to our newsletter. Your existing password and account settings remain unchanged. Thanks, The Community Team. Message reference: SAFE-0251.",safe,0
safe-0171,manager@company.example,Welcome to Our Newsletter,"Hello, A new software update is available with performance improvements. We appreciate your continued participation. Sincerely, Customer Support. Message reference: SAFE-0171.","Welcome to Our Newsletter Hello, A new software update is available with performance improvements. We appreciate your continued participation. Sincerely, Customer Support. Message reference: SAFE-0171.",safe,0
phishing-0157,helpdesk@password-confirmation.net,Confirm Your Banking Information,"Dear Customer, Your account has temporarily been suspended. Confirm your account information now: http://reward-claim.example/winner. Act immediately to avoid interruption of service. Reference ID: PH-0157.","Confirm Your Banking Information Dear Customer, Your account has temporarily been suspended. Confirm your account information now: http://reward-claim.example/winner. Act immediately to avoid interruption of service. Reference ID: PH-0157.",phishing,1
phishing-0272,delivery@parcel-update-alert.com,URGENT: Verify Your Account Immediately,"Dear Customer, We detected suspicious activity on your account. Confirm your delivery address: http://account-security-check.example/login. Ignoring this message may result in account closure. Reference ID: PH-0272.","URGENT: Verify Your Account Immediately Dear Customer, We detected suspicious activity on your account. Confirm your delivery address: http://account-security-check.example/login. Ignoring this message may result in account closure. Reference ID: PH-0272.",phishing,1
phishing-0473,delivery@parcel-update-alert.com,Immediate Action Required,"Dear Customer, Your package cannot be delivered until your address is confirmed. Confirm your delivery address: http://refund-processing.example/verify. This request will expire within 24 hours. Reference ID: PH-0473.","Immediate Action Required Dear Customer, Your package cannot be delivered until your address is confirmed. Confirm your delivery address: http://refund-processing.example/verify. This request will expire within 24 hours. Reference ID: PH-0473.",phishing,1
safe-0127,hr@company.example,Software Update Release Notes,"Hello, Here is the latest update from our team. You may ignore this message if you have already completed the task. Thank you, Human Resources. Message reference: SAFE-0127.","Software Update Release Notes Hello, Here is the latest update from our team. You may ignore this message if you have already completed the task. Thank you, Human Resources. Message reference: SAFE-0127.",safe,0
phishing-0021,billing@payment-review-alert.com,Immediate Action Required,"Dear Customer, Your recent payment could not be processed. Submit your banking information to receive the refund: http://secure-update.example/confirm-password. Ignoring this message may result in account closure. Reference ID: PH-0021.","Immediate Action Required Dear Customer, Your recent payment could not be processed. Submit your banking information to receive the refund: http://secure-update.example/confirm-password. Ignoring this message may result in account closure. Reference ID: PH-0021.",phishing,1
phishing-0012,support@account-verification.net,Tax Refund Confirmation Required,"Dear Customer, Your identity information requires immediate verification. Confirm your delivery address: http://account-security-check.example/login. Act immediately to avoid interruption of service. Reference ID: PH-0012.","Tax Refund Confirmation Required Dear Customer, Your identity information requires immediate verification. Confirm your delivery address: http://account-security-check.example/login. Act immediately to avoid interruption of service. Reference ID: PH-0012.",phishing,1
safe-0365,updates@software.example,Thank You for Your Feedback,"Hello, This is a reminder about the scheduled team meeting. The meeting will take place during normal business hours. Regards, Account Services. Message reference: SAFE-0365.","Thank You for Your Feedback Hello, This is a reminder about the scheduled team meeting. The meeting will take place during normal business hours. Regards, Account Services. Message reference: SAFE-0365.",safe,0
phishing-0475,admin@secure-login-update.com,Package Delivery Failed,"Dear Customer, Your package cannot be delivered until your address is confirmed. Confirm your delivery address: http://refund-processing.example/verify. Act immediately to avoid interruption of service. Reference ID: PH-0475.","Package Delivery Failed Dear Customer, Your package cannot be delivered until your address is confirmed. Confirm your delivery address: http://refund-processing.example/verify. Act immediately to avoid interruption of service. Reference ID: PH-0475.",phishing,1
phishing-0288,billing@payment-review-alert.com,Your Payment Was Declined,"Dear Customer, Your package cannot be delivered until your address is confirmed. Validate your identity within 24 hours: http://account-security-check.example/login. This is your final security warning. Reference ID: PH-0288.","Your Payment Was Declined Dear Customer, Your package cannot be delivered until your address is confirmed. Validate your identity within 24 hours: http://account-security-check.example/login. This is your final security warning. Reference ID: PH-0288.",phishing,1
phishing-0235,service@urgent-account-check.com,Unusual Login Attempt Detected,"Dear Customer, Your account has temporarily been suspended. Update your payment information: http://account-security-check.example/login. This request will expire within 24 hours. Reference ID: PH-0235.","Unusual Login Attempt Detected Dear Customer, Your account has temporarily been suspended. Update your payment information: http://account-security-check.example/login. This request will expire within 24 hours. Reference ID: PH-0235.",phishing,1
phishing-0257,helpdesk@password-confirmation.net,Security Alert: Password Confirmation Required,"Dear Customer, An unauthorized login attempt was detected. Confirm your delivery address: http://refund-processing.example/verify. This is your final security warning. Reference ID: PH-0257.","Security Alert: Password Confirmation Required Dear Customer, An unauthorized login attempt was detected. Confirm your delivery address: http://refund-processing.example/verify. This is your final security warning. Reference ID: PH-0257.",phishing,1
safe-0102,team@project.example,Reminder: Upcoming Team Meeting,"Hello, Here is the latest update from our team. You may ignore this message if you have already completed the task. Thanks, The Community Team. Message reference: SAFE-0102.","Reminder: Upcoming Team Meeting Hello, Here is the latest update from our team. You may ignore this message if you have already completed the task. Thanks, The Community Team. Message reference: SAFE-0102.",safe,0
phishing-0096,helpdesk@password-confirmation.net,Tax Refund Confirmation Required,"Dear Customer, Your mailbox will be disabled because it has exceeded its storage limit. Validate your identity within 24 hours: http://refund-processing.example/verify. Act immediately to avoid interruption of service. Reference ID: PH-0096.","Tax Refund Confirmation Required Dear Customer, Your mailbox will be disabled because it has exceeded its storage limit. Validate your identity within 24 hours: http://refund-processing.example/verify. Act immediately to avoid interruption of service. Reference ID: PH-0096.",phishing,1
phishing-0046,billing@payment-review-alert.com,Security Alert: Password Confirmation Required,"Dear Customer, We detected suspicious activity on your account. Confirm your account information now: http://mailbox-validation.example/signin. This request will expire within 24 hours. Reference ID: PH-0046.","Security Alert: Password Confirmation Required Dear Customer, We detected suspicious activity on your account. Confirm your account information now: http://mailbox-validation.example/signin. This request will expire within 24 hours. Reference ID: PH-0046.",phishing,1
phishing-0273,support@account-verification.net,Final Warning: Account Will Be Closed,"Dear Customer, Your account has temporarily been suspended. Confirm your account information now: http://reward-claim.example/winner. Act immediately to avoid interruption of service. Reference ID: PH-0273.","Final Warning: Account Will Be Closed Dear Customer, Your account has temporarily been suspended. Confirm your account information now: http://reward-claim.example/winner. Act immediately to avoid interruption of service. Reference ID: PH-0273.",phishing,1
safe-0306,newsletter@company.example,Your Order Has Been Shipped,"Hello, Thank you for subscribing to our newsletter. No action is required at this time. Best regards, Project Management. Message reference: SAFE-0306.","Your Order Has Been Shipped Hello, Thank you for subscribing to our newsletter. No action is required at this time. Best regards, Project Management. Message reference: SAFE-0306.",safe,0
safe-0444,events@community.example,Community Event Invitation,"Hello, The project team completed this week's planned activities. Please contact your manager if you have any questions. Thanks, The Community Team. Message reference: SAFE-0444.","Community Event Invitation Hello, The project team completed this week's planned activities. Please contact your manager if you have any questions. Thanks, The Community Team. Message reference: SAFE-0444.",safe,0
phishing-0249,delivery@parcel-update-alert.com,Final Warning: Account Will Be Closed,"Dear Customer, You have been selected to receive a limited reward. Confirm your delivery address: http://account-security-check.example/login. Act immediately to avoid interruption of service. Reference ID: PH-0249.","Final Warning: Account Will Be Closed Dear Customer, You have been selected to receive a limited reward. Confirm your delivery address: http://account-security-check.example/login. Act immediately to avoid interruption of service. Reference ID: PH-0249.",phishing,1
safe-0162,team@project.example,Community Event Invitation,"Hello, The project team completed this week's planned activities. Your existing password and account settings remain unchanged. Thank you, Human Resources. Message reference: SAFE-0162.","Community Event Invitation Hello, The project team completed this week's planned activities. Your existing password and account settings remain unchanged. Thank you, Human Resources. Message reference: SAFE-0162.",safe,0
safe-0463,manager@company.example,Team Performance Summary,"Hello, This is a reminder about the scheduled team meeting. The attached summary contains the latest approved information. Best regards, Project Management. Message reference: SAFE-0463.","Team Performance Summary Hello, This is a reminder about the scheduled team meeting. The attached summary contains the latest approved information. Best regards, Project Management. Message reference: SAFE-0463.",safe,0
safe-0051,updates@software.example,Reminder: Upcoming Team Meeting,"Hello, Here is the latest update from our team. You may ignore this message if you have already completed the task. Best regards, Project Management. Message reference: SAFE-0051.","Reminder: Upcoming Team Meeting Hello, Here is the latest update from our team. You may ignore this message if you have already completed the task. Best regards, Project Management. Message reference: SAFE-0051.",safe,0
phishing-0364,security@unknown-bank-alert.com,Security Alert: Password Confirmation Required,"Dear Customer, An unauthorized login attempt was detected. Confirm your delivery address: http://reward-claim.example/winner. Ignoring this message may result in account closure. Reference ID: PH-0364.","Security Alert: Password Confirmation Required Dear Customer, An unauthorized login attempt was detected. Confirm your delivery address: http://reward-claim.example/winner. Ignoring this message may result in account closure. Reference ID: PH-0364.",phishing,1
phishing-0261,billing@payment-review-alert.com,Your Payment Was Declined,"Dear Customer, Your account has temporarily been suspended. Sign in to prevent permanent account closure: http://delivery-confirmation.example/update. Failure to respond may result in permanent suspension. Reference ID: PH-0261.","Your Payment Was Declined Dear Customer, Your account has temporarily been suspended. Sign in to prevent permanent account closure: http://delivery-confirmation.example/update. Failure to respond may result in permanent suspension. Reference ID: PH-0261.",phishing,1
safe-0195,team@project.example,Meeting Agenda for Tomorrow,"Hello, Your order has been processed and shipped. Please contact your manager if you have any questions. Regards, Account Services. Message reference: SAFE-0195.","Meeting Agenda for Tomorrow Hello, Your order has been processed and shipped. Please contact your manager if you have any questions. Regards, Account Services. Message reference: SAFE-0195.",safe,0
phishing-0119,service@urgent-account-check.com,Your Account Has Been Suspended,"Dear Customer, Your identity information requires immediate verification. Sign in to prevent permanent account closure: http://mailbox-validation.example/signin. This is your final security warning. Reference ID: PH-0119.","Your Account Has Been Suspended Dear Customer, Your identity information requires immediate verification. Sign in to prevent permanent account closure: http://mailbox-validation.example/signin. This is your final security warning. Reference ID: PH-0119.",phishing,1
safe-0198,events@community.example,Team Performance Summary,"Hello, Here is the latest update from our team. We appreciate your continued participation. Regards, Account Services. Message reference: SAFE-0198.","Team Performance Summary Hello, Here is the latest update from our team. We appreciate your continued participation. Regards, Account Services. Message reference: SAFE-0198.",safe,0
phishing-0333,delivery@parcel-update-alert.com,Unusual Login Attempt Detected,"Dear Customer, Your package cannot be delivered until your address is confirmed. Verify your password and OTP immediately: http://reward-claim.example/winner. Act immediately to avoid interruption of service. Reference ID: PH-0333.","Unusual Login Attempt Detected Dear Customer, Your package cannot be delivered until your address is confirmed. Verify your password and OTP immediately: http://reward-claim.example/winner. Act immediately to avoid interruption of service. Reference ID: PH-0333.",phishing,1
phishing-0453,helpdesk@password-confirmation.net,Final Warning: Account Will Be Closed,"Dear Customer, Your identity information requires immediate verification. Unlock your account using the secure link: http://delivery-confirmation.example/update. Ignoring this message may result in account closure. Reference ID: PH-0453.","Final Warning: Account Will Be Closed Dear Customer, Your identity information requires immediate verification. Unlock your account using the secure link: http://delivery-confirmation.example/update. Ignoring this message may result in account closure. Reference ID: PH-0453.",phishing,1
phishing-0445,helpdesk@password-confirmation.net,Immediate Action Required,"Dear Customer, Your identity information requires immediate verification. Submit your banking information to receive the refund: http://reward-claim.example/winner. Act immediately to avoid interruption of service. Reference ID: PH-0445.","Immediate Action Required Dear Customer, Your identity information requires immediate verification. Submit your banking information to receive the refund: http://reward-claim.example/winner. Act immediately to avoid interruption of service. Reference ID: PH-0445.",phishing,1
safe-0150,hr@company.example,Monthly Subscription Receipt,"Hello, Your order has been processed and shipped. You can review the information from your normal account dashboard. Thanks, The Community Team. Message reference: SAFE-0150.","Monthly Subscription Receipt Hello, Your order has been processed and shipped. You can review the information from your normal account dashboard. Thanks, The Community Team. Message reference: SAFE-0150.",safe,0
safe-0010,newsletter@company.example,Meeting Agenda for Tomorrow,"Hello, Your monthly statement is now available for review. Please contact your manager if you have any questions. Regards, Account Services. Message reference: SAFE-0010.","Meeting Agenda for Tomorrow Hello, Your monthly statement is now available for review. Please contact your manager if you have any questions. Regards, Account Services. Message reference: SAFE-0010.",safe,0
phishing-0056,support@account-verification.net,Tax Refund Confirmation Required,"Dear Customer, We detected suspicious activity on your account. Verify your password and OTP immediately: http://payment-review.example/billing. This request will expire within 24 hours. Reference ID: PH-0056.","Tax Refund Confirmation Required Dear Customer, We detected suspicious activity on your account. Verify your password and OTP immediately: http://payment-review.example/billing. This request will expire within 24 hours. Reference ID: PH-0056.",phishing,1
safe-0443,hr@company.example,Thank You for Your Feedback,"Hello, This is a reminder about the scheduled team meeting. You may ignore this message if you have already completed the task. Regards, Account Services. Message reference: SAFE-0443.","Thank You for Your Feedback Hello, This is a reminder about the scheduled team meeting. You may ignore this message if you have already completed the task. Regards, Account Services. Message reference: SAFE-0443.",safe,0
phishing-0185,delivery@parcel-update-alert.com,Confirm Your Banking Information,"Dear Customer, Your mailbox will be disabled because it has exceeded its storage limit. Update your payment information: http://mailbox-validation.example/signin. This request will expire within 24 hours. Reference ID: PH-0185.","Confirm Your Banking Information Dear Customer, Your mailbox will be disabled because it has exceeded its storage limit. Update your payment information: http://mailbox-validation.example/signin. This request will expire within 24 hours. Reference ID: PH-0185.",phishing,1
safe-0338,notifications@calendar.example,Your Order Has Been Shipped,"Hello, Your order has been processed and shipped. Please contact your manager if you have any questions. Best regards, Project Management. Message reference: SAFE-0338.","Your Order Has Been Shipped Hello, Your order has been processed and shipped. Please contact your manager if you have any questions. Best regards, Project Management. Message reference: SAFE-0338.",safe,0
phishing-0468,billing@payment-review-alert.com,Final Warning: Account Will Be Closed,"Dear Customer, We detected suspicious activity on your account. Sign in to prevent permanent account closure: http://refund-processing.example/verify. Failure to respond may result in permanent suspension. Reference ID: PH-0468.","Final Warning: Account Will Be Closed Dear Customer, We detected suspicious activity on your account. Sign in to prevent permanent account closure: http://refund-processing.example/verify. Failure to respond may result in permanent suspension. Reference ID: PH-0468.",phishing,1
phishing-0437,delivery@parcel-update-alert.com,Your Mailbox Storage Is Full,"Dear Customer, We detected suspicious activity on your account. Submit your banking information to receive the refund: http://account-security-check.example/login. Act immediately to avoid interruption of service. Reference ID: PH-0437.","Your Mailbox Storage Is Full Dear Customer, We detected suspicious activity on your account. Submit your banking information to receive the refund: http://account-security-check.example/login. Act immediately to avoid interruption of service. Reference ID: PH-0437.",phishing,1
phishing-0340,billing@payment-review-alert.com,Unusual Login Attempt Detected,"Dear Customer, Your mailbox will be disabled because it has exceeded its storage limit. Verify your password and OTP immediately: http://192.168.1.10/login/verify-account. Ignoring this message may result in account closure. Reference ID: PH-0340.","Unusual Login Attempt Detected Dear Customer, Your mailbox will be disabled because it has exceeded its storage limit. Verify your password and OTP immediately: http://192.168.1.10/login/verify-account. Ignoring this message may result in account closure. Reference ID: PH-0340.",phishing,1
safe-0497,orders@shop.example,Reminder: Upcoming Team Meeting,"Hello, Your monthly statement is now available for review. Your existing password and account settings remain unchanged. Regards, The Support Team. Message reference: SAFE-0497.","Reminder: Upcoming Team Meeting Hello, Your monthly statement is now available for review. Your existing password and account settings remain unchanged. Regards, The Support Team. Message reference: SAFE-0497.",safe,0
phishing-0339,support@account-verification.net,Unusual Login Attempt Detected,"Dear Customer, We detected suspicious activity on your account. Unlock your account using the secure link: http://192.168.1.10/login/verify-account. This request will expire within 24 hours. Reference ID: PH-0339.","Unusual Login Attempt Detected Dear Customer, We detected suspicious activity on your account. Unlock your account using the secure link: http://192.168.1.10/login/verify-account. This request will expire within 24 hours. Reference ID: PH-0339.",phishing,1
safe-0199,billing@subscription.example,Your Monthly Account Statement,"Hello, A new software update is available with performance improvements. We appreciate your continued participation. Regards, Account Services. Message reference: SAFE-0199.","Your Monthly Account Statement Hello, A new software update is available with performance improvements. We appreciate your continued participation. Regards, Account Services. Message reference: SAFE-0199.",safe,0
phishing-0035,admin@secure-login-update.com,Your Payment Was Declined,"Dear Customer, We detected suspicious activity on your account. Update your payment information: http://reward-claim.example/winner. Ignoring this message may result in account closure. Reference ID: PH-0035.","Your Payment Was Declined Dear Customer, We detected suspicious activity on your account. Update your payment information: http://reward-claim.example/winner. Ignoring this message may result in account closure. Reference ID: PH-0035.",phishing,1
phishing-0005,support@account-verification.net,Package Delivery Failed,"Dear Customer, Your identity information requires immediate verification. Confirm your delivery address: http://payment-review.example/billing. Failure to respond may result in permanent suspension. Reference ID: PH-0005.","Package Delivery Failed Dear Customer, Your identity information requires immediate verification. Confirm your delivery address: http://payment-review.example/billing. Failure to respond may result in permanent suspension. Reference ID: PH-0005.",phishing,1
safe-0484,notifications@calendar.example,Software Update Release Notes,"Hello, Your order has been processed and shipped. Please contact your manager if you have any questions. Thanks, The Community Team. Message reference: SAFE-0484.","Software Update Release Notes Hello, Your order has been processed and shipped. Please contact your manager if you have any questions. Thanks, The Community Team. Message reference: SAFE-0484.",safe,0
phishing-0336,notice@tax-refund-review.com,Your Mailbox Storage Is Full,"Dear Customer, We detected suspicious activity on your account. Update your payment information: http://payment-review.example/billing. This request will expire within 24 hours. Reference ID: PH-0336.","Your Mailbox Storage Is Full Dear Customer, We detected suspicious activity on your account. Update your payment information: http://payment-review.example/billing. This request will expire within 24 hours. Reference ID: PH-0336.",phishing,1
phishing-0239,delivery@parcel-update-alert.com,Your Mailbox Storage Is Full,"Dear Customer, Your recent payment could not be processed. Submit your banking information to receive the refund: http://account-security-check.example/login. This request will expire within 24 hours. Reference ID: PH-0239.","Your Mailbox Storage Is Full Dear Customer, Your recent payment could not be processed. Submit your banking information to receive the refund: http://account-security-check.example/login. This request will expire within 24 hours. Reference ID: PH-0239.",phishing,1
phishing-0028,security@cloud-storage-warning.net,Your Mailbox Storage Is Full,"Dear Customer, Your account has temporarily been suspended. Confirm your account information now: http://payment-review.example/billing. This is your final security warning. Reference ID: PH-0028.","Your Mailbox Storage Is Full Dear Customer, Your account has temporarily been suspended. Confirm your account information now: http://payment-review.example/billing. This is your final security warning. Reference ID: PH-0028.",phishing,1
safe-0139,events@community.example,Reminder: Upcoming Team Meeting,"Hello, Thank you for subscribing to our newsletter. The attached summary contains the latest approved information. Thank you, Human Resources. Message reference: SAFE-0139.","Reminder: Upcoming Team Meeting Hello, Thank you for subscribing to our newsletter. The attached summary contains the latest approved information. Thank you, Human Resources. Message reference: SAFE-0139.",safe,0
phishing-0317,helpdesk@password-confirmation.net,Your Account Has Been Suspended,"Dear Customer, We detected suspicious activity on your account. Verify your password and OTP immediately: http://mailbox-validation.example/signin. Ignoring this message may result in account closure. Reference ID: PH-0317.","Your Account Has Been Suspended Dear Customer, We detected suspicious activity on your account. Verify your password and OTP immediately: http://mailbox-validation.example/signin. Ignoring this message may result in account closure. Reference ID: PH-0317.",phishing,1
safe-0357,updates@software.example,Reminder: Upcoming Team Meeting,"Hello, A new software update is available with performance improvements. You can review the information from your normal account dashboard. Thanks, The Community Team. Message reference: SAFE-0357.","Reminder: Upcoming Team Meeting Hello, A new software update is available with performance improvements. You can review the information from your normal account dashboard. Thanks, The Community Team. Message reference: SAFE-0357.",safe,0
phishing-0405,security@cloud-storage-warning.net,Confirm Your Banking Information,"Dear Customer, Your package cannot be delivered until your address is confirmed. Unlock your account using the secure link: http://secure-update.example/confirm-password. Failure to respond may result in permanent suspension. Reference ID: PH-0405.","Confirm Your Banking Information Dear Customer, Your package cannot be delivered until your address is confirmed. Unlock your account using the secure link: http://secure-update.example/confirm-password. Failure to respond may result in permanent suspension. Reference ID: PH-0405.",phishing,1
safe-0103,hr@company.example,Your Monthly Account Statement,"Hello, Here is the latest update from our team. No action is required at this time. Best regards, Project Management. Message reference: SAFE-0103.","Your Monthly Account Statement Hello, Here is the latest update from our team. No action is required at this time. Best regards, Project Management. Message reference: SAFE-0103.",safe,0
phishing-0146,support@account-verification.net,Confirm Your Banking Information,"Dear Customer, Your recent payment could not be processed. Verify your password and OTP immediately: http://reward-claim.example/winner. Failure to respond may result in permanent suspension. Reference ID: PH-0146.","Confirm Your Banking Information Dear Customer, Your recent payment could not be processed. Verify your password and OTP immediately: http://reward-claim.example/winner. Failure to respond may result in permanent suspension. Reference ID: PH-0146.",phishing,1
safe-0031,updates@software.example,Team Performance Summary,"Hello, Here is the latest update from our team. No action is required at this time. Best regards, Project Management. Message reference: SAFE-0031.","Team Performance Summary Hello, Here is the latest update from our team. No action is required at this time. Best regards, Project Management. Message reference: SAFE-0031.",safe,0
